id,physics_or_ict,russian,math,individual_achievements,total_score
1,90,57,51,4,202
2,65,64,58,1,188
3,93,97,84,1,275
4,87,77,52,0,216
5,55,63,64,8,190
6,88,51,85,3,227
7,95,91,94,8,288
8,76,64,78,9,227
9,67,50,98,2,217
10,94,77,71,4,246
11,59,63,98,5,225
12,56,55,74,1,186
13,72,72,88,4,236
14,52,96,79,8,235
15,57,74,55,8,194
16,68,90,89,5,252
17,86,62,95,1,244
18,52,92,64,4,212
19,55,64,56,6,181
20,67,79,90,5,241
21,60,73,72,3,208
22,92,67,94,10,263
23,91,54,88,10,243
24,60,84,96,3,243
25,60,79,74,4,217
26,90,94,85,3,272
27,93,70,99,0,262
28,64,52,70,6,192
29,67,54,63,9,193
30,95,70,63,10,238
31,81,75,91,7,254
32,59,66,58,3,186
33,97,85,84,4,270
34,97,87,77,9,270
35,75,73,64,2,214
36,82,81,55,0,218
37,57,59,90,2,208
38,100,93,77,9,279
39,54,74,74,9,211
40,79,83,66,8,236
41,50,93,96,1,240
42,93,84,98,4,279
43,99,91,71,1,262
44,68,77,60,7,212
45,50,96,96,4,246
46,82,98,61,8,249
47,56,90,69,10,225
48,82,88,62,2,234
49,73,98,60,8,239
50,99,83,50,9,241
51,70,81,51,1,203
52,73,69,65,0,207
53,65,86,55,1,207
54,96,81,54,8,239
55,99,58,58,10,225
56,80,85,60,4,229
57,83,88,77,3,251
58,84,98,96,3,281
59,95,69,75,10,249
60,91,73,78,8,250
61,78,57,65,3,203
62,54,71,51,9,185
63,85,64,87,3,239
64,50,54,95,10,209
65,53,64,54,0,171
66,71,54,82,3,210
67,67,92,81,3,243
68,84,58,96,9,247
69,86,80,65,7,238
70,76,62,56,1,195
71,92,77,72,6,247
72,76,79,96,0,251
73,93,91,91,1,276
74,53,75,96,5,229
75,56,65,62,3,186
76,84,78,58,6,226
77,61,67,79,3,210
78,54,78,85,1,218
79,53,91,84,0,228
80,55,98,65,2,220
81,76,81,80,3,240
82,75,53,60,6,194
83,50,74,66,7,197
84,68,77,94,8,247
85,92,95,81,2,270
86,62,68,63,0,193
87,87,97,84,0,268
88,97,70,53,0,220
89,87,80,82,8,257
90,60,53,82,1,196
91,61,54,88,1,204
92,93,65,75,1,234
93,86,65,87,9,247
94,52,89,55,6,202
95,92,87,86,8,273
96,70,66,63,10,209
97,95,70,65,4,234
98,75,58,92,10,235
99,69,79,70,1,219
100,50,79,89,9,227
101,56,54,84,3,197
102,82,66,58,5,211
103,54,65,73,4,196
104,60,78,84,4,226
105,89,91,83,0,263
106,92,85,69,10,256
107,56,58,66,1,181
108,56,97,85,2,240
109,67,68,88,3,226
110,95,71,63,10,239
111,90,66,82,7,245
112,66,53,55,10,184
113,77,67,52,0,196
114,71,99,58,10,238
115,66,60,97,7,230
116,85,95,77,8,265
117,50,57,54,2,163
118,84,52,73,9,218
119,85,59,77,2,223
120,52,69,73,0,194
121,72,63,93,3,231
122,92,56,72,8,228
123,76,89,97,2,264
124,65,60,61,6,192
125,51,61,97,5,214
126,100,76,92,3,271
127,67,60,100,1,228
128,74,52,80,3,209
129,62,79,72,4,217
130,100,64,64,0,228
131,92,62,75,5,234
132,67,54,99,4,224
133,72,91,82,6,251
134,93,84,71,0,248
135,57,66,61,9,193
136,66,52,56,9,183
137,77,72,96,5,250
138,77,88,82,1,248
139,74,86,62,4,226
140,52,95,77,0,224
141,83,84,93,10,270
142,62,73,77,1,213
143,92,71,89,5,257
144,92,57,96,4,249
145,82,69,92,6,249
146,70,75,94,4,243
147,85,58,62,6,211
148,92,74,93,2,261
149,89,86,69,6,250
150,85,50,69,4,208
151,63,77,100,9,249
152,88,91,70,7,256
153,78,78,93,3,252
154,82,80,100,2,264
155,92,55,68,8,223
156,92,90,89,5,276
157,55,98,65,10,228
158,69,64,62,2,197
159,51,52,65,7,175
160,89,99,54,7,249
161,76,90,86,3,255
162,95,94,74,7,270
163,75,65,59,10,209
164,94,50,98,1,243
165,99,77,64,2,242
166,94,83,79,0,256
167,85,65,57,7,214
168,58,79,92,8,237
169,85,88,70,7,250
170,89,96,82,6,273
171,85,78,60,7,230
172,78,66,98,3,245
173,90,67,99,8,264
174,81,90,65,4,240
175,78,54,95,4,231
176,65,67,71,5,208
177,84,55,58,2,199
178,64,74,94,2,234
179,95,63,54,6,218
180,76,71,84,7,238
181,76,53,63,6,198
182,74,99,87,0,260
183,98,86,74,7,265
184,50,72,69,6,197
185,76,84,97,8,265
186,88,64,81,3,236
187,67,77,81,0,225
188,74,71,92,10,247
189,75,96,60,7,238
190,58,89,84,0,231
191,75,87,86,10,258
192,51,55,91,6,203
193,58,79,61,0,198
194,66,74,70,3,213
195,79,70,71,6,226
196,67,98,76,4,245
197,55,80,51,8,194
198,53,72,64,10,199
199,54,99,91,0,244
200,98,51,65,3,217
201,51,89,59,3,202
202,58,80,92,1,231
203,86,63,79,4,232
204,99,73,60,9,241
205,88,97,95,1,281
206,99,60,69,1,229
207,87,51,69,9,216
208,93,74,75,3,245
209,54,87,94,10,245
210,65,56,94,4,219
211,93,88,57,9,247
212,100,52,72,8,232
213,77,92,73,1,243
214,82,91,71,0,244
215,76,81,56,6,219
216,73,90,79,2,244
217,77,61,96,8,242
218,91,67,89,8,255
219,99,80,79,6,264
220,96,87,67,5,255
221,65,55,67,7,194
222,65,98,79,9,251
223,89,92,74,5,260
224,51,81,70,2,204
225,81,63,72,4,220
226,71,67,88,4,230
227,85,50,83,3,221
228,55,65,96,6,222
229,81,85,98,3,267
230,94,80,91,7,272
231,78,100,51,1,230
232,68,64,75,3,210
233,69,92,87,5,253
234,80,85,83,5,253
235,77,97,85,5,264
236,72,94,79,4,249
237,69,66,64,1,200
238,96,62,70,1,229
239,97,84,98,2,281
240,62,63,97,7,229
241,67,96,87,8,258
242,88,68,56,3,215
243,68,64,73,2,207
244,69,50,95,8,222
245,58,67,52,0,177
246,85,68,94,2,249
247,90,98,81,1,270
248,50,86,68,7,211
249,80,78,71,2,231
250,53,66,80,1,200
251,54,75,81,1,211
252,86,90,93,0,269
253,59,59,86,4,208
254,55,65,57,8,185
255,98,76,88,9,271
256,100,89,64,8,261
257,74,78,78,4,234
258,87,77,69,9,242
259,89,53,89,1,232
260,98,63,90,3,254
261,66,92,55,2,215
262,65,61,85,1,212
263,60,50,76,7,193
264,94,88,80,4,266
265,52,64,68,4,188
266,94,79,54,10,237
267,64,66,100,10,240
268,87,92,62,6,247
269,57,84,64,10,215
270,59,67,59,1,186
271,53,60,100,4,217
272,88,97,86,4,275
273,78,57,79,4,218
274,94,75,67,8,244
275,84,81,78,1,244
276,88,52,77,5,222
277,88,66,51,1,206
278,64,93,86,9,252
279,51,98,93,4,246
280,86,52,98,2,238
281,80,83,91,7,261
282,67,61,87,6,221
283,90,81,55,7,233
284,72,76,71,5,224
285,92,56,60,5,213
286,76,94,81,4,255
287,92,75,98,8,273
288,52,79,55,5,191
289,66,70,57,6,199
290,82,50,92,8,232
291,79,76,53,3,211
292,83,73,89,7,252
293,90,78,98,0,266
294,63,67,85,2,217
295,68,78,94,7,247
296,57,51,90,9,207
297,65,95,60,4,224
298,85,50,85,6,226
299,55,64,57,7,183
300,57,91,59,7,214
301,95,68,82,4,249
302,76,80,80,3,239
303,79,85,59,6,229
304,62,88,82,2,234
305,54,67,99,6,226
306,71,100,82,4,257
307,50,68,96,4,218
308,87,87,92,7,273
309,59,78,84,7,228
310,72,71,85,8,236
311,74,79,70,3,226
312,94,65,86,6,251
313,64,99,76,0,239
314,70,97,80,6,253
315,74,92,100,10,276
316,59,81,52,2,194
317,82,87,71,1,241
318,78,56,83,7,224
319,50,96,59,6,211
320,91,59,54,7,211
321,100,66,71,9,246
322,94,75,91,1,261
323,71,93,84,6,254
324,70,90,95,7,262
325,84,52,89,1,226
326,65,90,93,4,252
327,64,97,55,6,222
328,56,98,90,1,245
329,78,60,94,4,236
330,51,52,70,0,173
331,68,72,73,6,219
332,59,65,83,6,213
333,86,93,100,2,281
334,60,61,55,9,185
335,74,89,93,3,259
336,81,87,59,3,230
337,79,90,66,7,242
338,66,92,50,7,215
339,68,93,84,2,247
340,54,78,72,9,213
341,69,90,77,4,240
342,79,69,62,6,216
343,80,56,65,6,207
344,86,72,86,4,248
345,94,68,51,10,223
346,75,67,50,9,201
347,93,99,97,0,289
348,88,97,81,4,270
349,99,64,88,5,256
350,64,90,62,9,225
351,66,93,98,10,267
352,93,58,90,1,242
353,90,91,52,4,237
354,100,78,52,9,239
355,73,96,58,1,228
356,68,70,97,6,241
357,61,62,58,8,189
358,73,83,82,4,242
359,60,66,80,4,210
360,97,71,57,7,232
361,54,59,98,3,214
362,93,96,93,6,288
363,85,73,55,6,219
364,50,66,84,1,201
365,79,73,93,10,255
366,66,87,74,10,237
367,73,56,93,3,225
368,80,51,89,8,228
369,70,89,64,10,233
370,54,90,79,4,227
371,91,76,57,2,226
372,52,52,69,7,180
373,57,56,65,8,186
374,58,74,79,5,216
375,92,97,94,8,291
376,76,87,97,2,262
377,76,91,56,7,230
378,89,76,67,0,232
379,94,73,63,7,237
380,78,65,73,1,217
381,93,73,84,10,260
382,72,53,75,4,204
383,62,57,79,1,199
384,92,63,91,10,256
385,88,51,53,5,197
386,65,58,100,9,232
387,63,54,98,8,223
388,63,87,63,3,216
389,71,99,59,9,238
390,50,67,59,2,178
391,84,66,61,1,212
392,92,51,58,0,201
393,72,100,100,3,275
394,87,70,51,2,210
395,66,53,58,6,183
396,83,57,97,1,238
397,80,78,99,5,262
398,82,87,56,7,232
399,82,64,89,0,235
400,96,100,92,8,296
401,69,79,91,0,239
402,53,80,75,6,214
403,93,56,81,7,237
404,54,55,70,9,188
405,59,54,58,4,175
406,89,90,87,8,274
407,95,70,74,9,248
408,83,68,79,8,238
409,88,77,56,1,222
410,91,91,99,8,289
411,96,63,77,7,243
412,64,76,71,7,218
413,75,76,96,1,248
414,70,77,70,10,227
415,66,73,59,10,208
416,80,54,55,1,190
417,55,77,56,5,193
418,58,85,53,9,205
419,85,85,71,10,251
420,57,76,72,10,215
421,98,77,96,0,271
422,68,88,69,5,230
423,56,86,82,3,227
424,59,92,80,3,234
425,56,72,85,5,218
426,57,98,67,9,231
427,64,77,85,9,235
428,89,93,91,8,281
429,51,88,92,4,235
430,51,61,67,4,183
431,71,72,50,2,195
432,59,86,92,6,243
433,54,59,97,10,220
434,51,55,97,8,211
435,63,74,76,7,220
436,71,60,73,4,208
437,96,70,99,9,274
438,88,55,53,2,198
439,60,98,89,0,247
440,93,55,67,7,222
441,92,77,81,9,259
442,78,76,67,3,224
443,98,82,57,5,242
444,77,57,68,10,212
445,93,87,81,8,269
446,92,69,52,3,216
447,75,88,53,0,216
448,63,69,63,2,197
449,98,66,68,5,237
450,57,50,81,6,194
451,61,58,74,8,201
452,95,64,82,8,249
453,92,72,54,6,224
454,97,52,77,0,226
455,79,54,70,9,212
456,77,86,75,10,248
457,76,68,57,6,207
458,51,70,60,9,190
459,79,94,73,1,247
460,77,56,65,6,204
461,87,75,83,1,246
462,75,69,97,5,246
463,64,71,99,2,236
464,54,82,90,1,227
465,83,82,62,5,232
466,72,96,91,2,261
467,65,56,59,4,184
468,62,61,88,2,213
469,98,98,91,1,288
470,61,99,90,7,257
471,79,98,86,9,272
472,78,93,86,10,267
473,90,89,70,10,259
474,70,59,78,1,208
475,80,78,90,4,252
476,100,67,87,0,254
477,72,82,54,4,212
478,79,78,52,0,209
479,73,68,54,10,205
480,55,89,88,8,240
481,74,79,87,8,248
482,100,97,52,7,256
483,86,91,62,5,244
484,88,80,82,2,252
485,53,78,56,5,192
486,95,55,82,10,242
487,61,52,65,7,185
488,78,83,83,9,253
489,60,73,73,4,210
490,74,76,99,5,254
491,93,88,53,10,244
492,91,71,54,5,221
493,56,85,93,6,240
494,68,66,96,10,240
495,88,59,71,1,219
496,87,92,59,5,243
497,69,91,94,10,264
498,75,58,88,1,222
499,69,85,74,10,238
500,100,71,58,10,239
501,94,97,93,8,292
502,55,91,92,6,244
503,82,73,51,5,211
504,69,61,63,5,198
505,99,81,62,3,245
506,58,59,54,4,175
507,100,56,82,8,246
508,97,83,52,10,242
509,71,99,89,2,261
510,88,74,59,2,223
511,61,94,99,9,263
512,60,96,78,0,234
513,76,73,93,3,245
514,78,89,68,7,242
515,64,84,65,4,217
516,100,80,62,5,247
517,93,86,78,7,264
518,99,68,99,6,272
519,82,83,76,2,243
520,62,88,58,4,212
521,53,91,80,5,229
522,85,56,95,8,244
523,57,68,55,2,182
524,67,78,82,2,229
525,77,55,64,7,203
526,72,51,76,0,199
527,75,82,73,3,233
528,74,55,73,3,205
529,51,70,56,10,187
530,71,100,59,2,232
531,52,68,80,2,202
532,98,95,80,7,280
533,89,50,55,0,194
534,66,63,59,8,196
535,96,88,83,6,273
536,57,99,68,3,227
537,69,57,53,3,182
538,76,90,100,9,275
539,79,54,57,7,197
540,88,84,51,10,233
541,82,86,65,2,235
542,68,77,50,9,204
543,72,65,86,6,229
544,61,92,92,1,246
545,83,73,54,8,218
546,84,82,100,8,274
547,85,51,74,7,217
548,52,90,74,5,221
549,66,97,51,5,219
550,100,54,72,3,229
551,96,92,90,1,279
552,99,87,97,5,288
553,58,52,72,8,190
554,71,91,61,10,233
555,79,94,80,10,263
556,61,58,54,7,180
557,52,68,62,0,182
558,100,62,52,5,219
559,69,82,75,8,234
560,80,66,52,10,208
561,62,68,72,0,202
562,91,71,67,1,230
563,73,77,75,7,232
564,74,71,61,7,213
565,94,81,73,8,256
566,67,55,96,6,224
567,55,77,88,2,222
568,84,68,70,1,223
569,55,70,92,4,221
570,69,78,88,6,241
571,60,94,78,5,237
572,78,52,96,5,231
573,89,77,67,10,243
574,100,53,54,10,217
575,90,75,73,8,246
576,97,93,60,0,250
577,59,88,93,7,247
578,52,58,54,3,167
579,99,91,73,5,268
580,74,86,52,9,221
581,59,93,78,5,235
582,73,78,98,1,250
583,86,58,83,5,232
584,75,70,91,4,240
585,65,57,51,2,175
586,81,83,74,8,246
587,57,66,99,4,226
588,95,78,63,9,245
589,68,94,81,3,246
590,57,58,54,7,176
591,61,95,78,1,235
592,93,70,92,5,260
593,95,54,85,8,242
594,68,69,60,10,207
595,61,100,73,8,242
596,64,57,62,2,185
597,65,100,81,0,246
598,73,85,86,5,249
599,79,85,58,9,231
600,55,54,69,6,184
601,95,96,80,8,279
602,76,99,76,9,260
603,54,58,70,10,192
604,54,78,79,10,221
605,83,72,58,8,221
606,90,87,61,2,240
607,77,82,53,1,213
608,83,59,69,2,213
609,60,70,95,3,228
610,72,83,68,1,224
611,66,62,90,8,226
612,67,58,90,4,219
613,89,84,55,8,236
614,91,60,87,9,247
615,59,60,92,9,220
616,96,88,71,9,264
617,52,51,55,0,158
618,91,99,86,4,280
619,91,63,99,9,262
620,76,89,90,0,255
621,81,90,84,4,259
622,91,69,80,3,243
623,93,75,69,7,244
624,54,94,53,2,203
625,78,76,80,7,241
626,63,71,88,2,224
627,70,95,70,5,240
628,75,58,98,5,236
629,82,85,56,5,228
630,65,79,57,4,205
631,78,65,59,1,203
632,53,68,74,9,204
633,76,65,60,5,206
634,86,96,70,3,255
635,98,60,81,8,247
636,79,81,69,7,236
637,51,55,75,8,189
638,79,65,63,9,216
639,72,53,53,4,182
640,81,88,91,10,270
641,80,68,84,0,232
642,56,77,58,4,195
643,96,73,98,6,273
644,73,52,75,0,200
645,86,85,62,5,238
646,85,68,54,6,213
647,82,78,98,8,266
648,67,89,93,9,258
649,57,58,56,6,177
650,73,100,71,8,252
651,73,98,59,3,233
652,88,82,75,8,253
653,52,52,52,2,158
654,95,71,80,8,254
655,79,59,88,8,234
656,58,70,89,5,222
657,60,75,89,4,228
658,87,71,82,8,248
659,84,81,95,9,269
660,69,80,51,5,205
661,71,93,57,6,227
662,87,69,100,10,266
663,51,88,80,4,223
664,91,100,99,9,299
665,86,64,96,0,246
666,87,80,60,8,235
667,90,96,89,6,281
668,59,93,65,0,217
669,86,94,57,3,240
670,51,78,70,6,205
671,59,76,94,3,232
672,76,82,99,9,266
673,80,97,96,0,273
674,95,58,83,3,239
675,85,70,92,7,254
676,83,74,70,2,229
677,79,84,71,8,242
678,72,93,99,10,274
679,91,94,66,9,260
680,80,62,65,4,211
681,85,69,64,4,222
682,99,68,95,3,265
683,94,95,81,5,275
684,80,72,85,4,241
685,68,57,86,10,221
686,84,74,75,5,238
687,99,59,68,0,226
688,68,95,55,5,223
689,78,91,66,7,242
690,63,62,84,4,213
691,85,94,67,2,248
692,56,89,97,9,251
693,65,65,53,10,193
694,83,64,90,3,240
695,53,56,76,5,190
696,95,80,56,10,241
697,99,58,50,8,215
698,60,76,91,7,234
699,80,91,62,4,237
700,70,68,91,0,229
701,99,55,91,9,254
702,64,84,97,0,245
703,61,76,61,0,198
704,75,100,81,2,258
705,97,68,52,0,217
706,69,86,88,1,244
707,71,68,79,10,228
708,84,83,81,2,250
709,82,79,67,3,231
710,57,71,60,7,195
711,91,66,95,2,254
712,50,97,71,4,222
713,86,93,98,3,280
714,61,89,90,6,246
715,77,82,70,1,230
716,75,92,56,2,225
717,58,80,70,3,211
718,50,66,74,3,193
719,78,98,67,5,248
720,69,87,96,9,261
721,50,66,91,5,212
722,94,65,53,10,222
723,57,79,69,2,207
724,75,93,82,4,254
725,94,57,90,4,245
726,73,89,64,3,229
727,58,80,59,7,204
728,97,88,73,6,264
729,94,85,80,8,267
730,92,63,98,3,256
731,93,98,88,1,280
732,83,78,83,5,249
733,54,86,57,0,197
734,85,82,62,9,238
735,84,59,60,5,208
736,83,78,57,10,228
737,63,95,87,7,252
738,55,82,78,0,215
739,79,58,82,6,225
740,79,86,53,8,226
741,79,93,69,0,241
742,75,66,50,3,194
743,87,54,52,6,199
744,72,94,54,8,228
745,53,54,80,0,187
746,68,76,61,2,207
747,99,91,96,10,296
748,76,73,74,7,230
749,74,74,55,10,213
750,92,84,58,10,244
751,72,57,61,8,198
752,75,83,58,3,219
753,50,98,51,4,203
754,79,93,96,8,276
755,77,84,74,3,238
756,65,79,72,2,218
757,67,62,96,1,226
758,52,92,76,9,229
759,99,51,65,3,218
760,54,56,88,0,198
761,78,88,93,0,259
762,65,97,52,6,220
763,78,64,84,3,229
764,98,99,53,2,252
765,82,68,64,9,223
766,70,86,88,10,254
767,70,65,69,2,206
768,92,83,64,6,245
769,69,67,53,8,197
770,87,97,61,10,255
771,93,77,85,7,262
772,53,72,91,10,226
773,74,100,83,5,262
774,94,76,76,2,248
775,69,74,61,8,212
776,80,65,64,4,213
777,95,59,79,0,233
778,85,76,76,8,245
779,83,58,74,3,218
780,66,63,71,10,210
781,55,78,73,1,207
782,84,96,62,0,242
783,67,74,93,9,243
784,88,52,54,3,197
785,98,87,96,10,291
786,85,63,80,3,231
787,71,69,50,3,193
788,62,97,57,7,223
789,65,94,88,3,250
790,75,65,85,5,230
791,99,68,74,7,248
792,84,91,72,4,251
793,66,73,82,7,228
794,79,56,96,7,238
795,98,70,63,5,236
796,70,76,52,9,207
797,64,97,59,0,220
798,66,85,87,9,247
799,96,76,68,2,242
800,62,71,64,6,203
801,86,65,81,8,240
802,91,93,71,4,259
803,98,81,96,10,285
804,97,81,79,2,259
805,96,100,72,2,270
806,58,96,84,7,245
807,61,84,91,0,236
808,83,52,54,10,199
809,53,98,50,6,207
810,58,90,64,1,213
811,95,59,50,3,207
812,82,79,73,0,234
813,89,90,92,9,280
814,80,92,81,0,253
815,50,84,85,6,225
816,50,51,83,4,188
817,84,68,51,8,211
818,94,93,77,2,266
819,56,56,83,2,197
820,65,62,89,8,224
821,66,72,67,6,211
822,55,73,75,7,210
823,86,65,94,3,248
824,69,93,55,10,227
825,91,98,52,1,242
826,75,74,74,8,231
827,80,53,90,0,223
828,94,60,55,7,216
829,77,91,100,5,273
830,86,56,83,0,225
831,64,63,94,9,230
832,80,67,52,1,200
833,93,67,84,9,253
834,92,52,61,5,210
835,51,63,87,2,203
836,98,95,75,1,269
837,69,60,86,3,218
838,86,74,93,8,261
839,71,74,98,2,245
840,100,94,96,1,291
841,82,97,72,0,251
842,56,77,64,1,198
843,71,88,99,9,267
844,88,75,99,5,267
845,51,90,67,7,215
846,81,64,72,8,225
847,74,77,61,10,222
848,87,92,74,1,254
849,99,89,68,3,259
850,95,54,55,4,208
851,59,74,95,10,238
852,59,97,74,5,235
853,73,56,55,0,184
854,69,78,73,4,224
855,56,58,55,2,171
856,77,78,85,8,248
857,82,76,56,0,214
858,55,72,85,1,213
859,88,88,100,5,281
860,74,50,68,6,198
861,74,99,55,8,236
862,65,86,83,2,236
863,93,74,60,2,229
864,67,69,67,7,210
865,59,54,60,6,179
866,67,76,69,7,219
867,100,54,73,4,231
868,65,96,90,7,258
869,88,89,62,7,246
870,56,58,69,0,183
871,75,71,89,6,241
872,71,78,71,6,226
873,91,88,58,4,241
874,70,88,94,3,255
875,80,70,61,6,217
876,70,68,97,10,245
877,81,86,100,3,270
878,70,74,67,6,217
879,73,57,86,3,219
880,87,84,61,10,242
881,99,85,51,7,242
882,95,63,78,4,240
883,94,54,100,6,254
884,93,81,58,10,242
885,69,65,66,10,210
886,59,95,77,6,237
887,54,78,88,7,227
888,87,75,84,8,254
889,94,76,84,0,254
890,100,73,94,8,275
891,88,90,55,1,234
892,99,65,92,10,266
893,72,60,91,9,232
894,52,86,91,10,239
895,91,75,98,5,269
896,100,77,56,0,233
897,56,66,64,8,194
898,97,83,85,9,274
899,94,86,64,7,251
900,73,75,79,10,237
901,87,94,82,2,265
902,72,51,80,1,204
903,68,76,55,1,200
904,96,59,72,4,231
905,71,79,100,3,253
906,83,80,72,7,242
907,56,78,96,7,237
908,70,54,69,0,193
909,95,57,51,5,208
910,91,56,93,2,242
911,97,65,83,2,247
912,85,60,71,8,224
913,77,79,64,6,226
914,90,61,61,10,222
915,92,77,75,0,244
916,97,89,62,7,255
917,87,77,74,0,238
918,95,63,63,4,225
919,98,95,100,1,294
920,86,56,84,2,228
921,73,70,62,7,212
922,57,66,92,7,222
923,83,90,70,9,252
924,74,89,75,9,247
925,57,72,72,7,208
926,89,61,93,4,247
927,89,87,55,10,241
928,58,70,57,3,188
929,69,57,61,5,192
930,94,59,82,6,241
931,76,88,58,9,231
932,74,77,61,7,219
933,90,84,94,10,278
934,61,85,60,7,213
935,68,58,61,5,192
936,78,89,53,5,225
937,50,81,58,3,192
938,74,85,82,10,251
939,81,76,93,7,257
940,76,95,78,7,256
941,60,55,86,0,201
942,100,98,64,4,266
943,52,67,64,8,191
944,68,60,99,7,234
945,86,97,99,7,289
946,85,82,57,9,233
947,57,67,99,8,231
948,73,84,98,0,255
949,98,96,78,8,280
950,63,77,56,10,206
951,98,65,69,0,232
952,78,66,72,1,217
953,78,57,99,3,237
954,63,97,87,5,252
955,95,89,90,6,280
956,60,89,58,3,210
957,63,53,86,5,207
958,84,67,88,8,247
959,60,70,95,4,229
960,68,86,67,8,229
961,93,56,58,6,213
962,53,67,91,2,213
963,94,58,65,2,219
964,95,70,65,10,240
965,75,81,59,9,224
966,90,67,90,6,253
967,74,78,54,10,216
968,100,99,55,6,260
969,82,97,67,5,251
970,79,81,70,9,239
971,50,99,96,1,246
972,96,79,90,10,275
973,94,72,54,8,228
974,75,63,77,3,218
975,81,67,70,4,222
976,71,85,86,2,244
977,86,81,100,5,272
978,93,98,53,0,244
979,56,90,100,7,253
980,51,57,60,7,175
981,79,50,77,3,209
982,94,58,91,4,247
983,60,67,55,10,192
984,73,66,55,5,199
985,92,91,60,0,243
986,75,90,69,3,237
987,77,91,55,1,224
988,50,63,80,1,194
989,58,87,64,8,217
990,93,78,50,0,221
991,94,71,57,6,228
992,94,58,80,1,233
993,64,74,55,1,194
994,56,70,73,4,203
995,58,74,99,2,233
996,91,93,59,1,244
997,83,86,50,9,228
998,91,60,78,5,234
999,96,63,90,2,251
1000,76,89,93,7,265
1001,63,55,56,2,176
1002,98,57,87,6,248
1003,72,77,70,2,221
1004,65,67,91,1,224
1005,65,85,88,9,247
1006,96,88,68,0,252
1007,92,69,63,8,232
1008,88,82,62,6,238
1009,68,91,53,3,215
1010,81,74,57,3,215
1011,81,90,88,1,260
1012,83,50,73,5,211
1013,58,74,86,6,224
1014,73,84,93,2,252
1015,98,80,99,1,278
1016,51,87,54,0,192
1017,66,63,52,0,181
1018,100,75,82,4,261
1019,90,95,82,6,273
1020,77,94,75,1,247
1021,90,84,84,9,267
1022,59,67,55,4,185
1023,55,82,63,2,202
1024,84,70,75,9,238
1025,90,98,91,10,289
1026,91,54,69,6,220
1027,96,65,53,3,217
1028,55,77,57,7,196
1029,89,88,53,4,234
1030,92,97,92,2,283
1031,57,50,95,2,204
1032,94,50,60,7,211
1033,72,83,83,4,242
1034,60,73,58,4,195
1035,96,57,99,0,252
1036,71,77,67,8,223
1037,54,66,95,9,224
1038,90,54,81,7,232
1039,82,73,53,7,215
1040,86,60,73,2,221
1041,66,99,56,9,230
1042,93,96,57,3,249
1043,97,82,50,0,229
1044,50,65,52,7,174
1045,73,74,59,2,208
1046,52,85,95,10,242
1047,76,64,70,3,213
1048,76,96,70,4,246
1049,54,86,73,1,214
1050,82,93,53,2,230
1051,64,83,52,6,205
1052,54,79,68,4,205
1053,70,55,85,7,217
1054,50,73,62,4,189
1055,86,100,69,9,264
1056,65,79,73,9,226
1057,81,99,99,3,282
1058,96,84,98,3,281
1059,59,50,76,0,185
1060,64,84,72,10,230
1061,94,50,71,0,215
1062,98,92,74,4,268
1063,56,63,83,3,205
1064,76,81,53,2,212
1065,95,67,55,0,217
1066,64,83,76,5,228
1067,79,97,55,9,240
1068,56,82,58,10,206
1069,75,54,87,9,225
1070,53,77,92,2,224
1071,65,68,66,5,204
1072,75,94,97,5,271
1073,70,78,67,3,218
1074,54,62,58,9,183
1075,56,59,56,2,173
1076,78,79,70,6,233
1077,57,84,72,3,216
1078,78,69,79,4,230
1079,57,55,60,10,182
1080,69,95,94,9,267
1081,52,63,70,2,187
1082,55,95,65,5,220
1083,75,82,53,10,220
1084,69,66,61,0,196
1085,75,78,85,8,246
1086,65,56,79,1,201
1087,100,58,57,0,215
1088,53,99,64,2,218
1089,62,75,73,10,220
1090,90,91,55,9,245
1091,87,66,54,0,207
1092,54,62,91,7,214
1093,58,55,71,1,185
1094,52,79,53,2,186
1095,86,77,96,6,265
1096,81,51,74,10,216
1097,77,61,72,3,213
1098,61,67,67,7,202
1099,59,52,89,9,209
1100,89,65,91,4,249
1101,81,76,85,7,249
1102,53,55,67,6,181
1103,58,76,62,10,206
1104,83,65,90,8,246
1105,100,51,74,5,230
1106,80,84,100,7,271
1107,72,86,82,5,245
1108,74,67,61,0,202
1109,70,88,64,0,222
1110,99,67,53,7,226
1111,83,72,99,9,263
1112,64,60,56,3,183
1113,92,65,67,8,232
1114,100,97,53,3,253
1115,86,74,72,2,234
1116,61,65,87,5,218
1117,97,94,72,9,272
1118,51,95,94,5,245
1119,86,86,59,9,240
1120,62,81,84,4,231
1121,61,81,52,1,195
1122,53,64,88,3,208
1123,51,83,80,0,214
1124,71,89,62,2,224
1125,71,95,61,5,232
1126,53,51,59,9,172
1127,95,59,99,1,254
1128,83,73,54,5,215
1129,95,92,75,9,271
1130,56,71,69,5,201
1131,58,60,96,6,220
1132,100,90,81,10,281
1133,70,61,95,8,234
1134,94,89,100,5,288
1135,64,92,87,2,245
1136,74,69,96,4,243
1137,58,61,96,0,215
1138,94,86,75,9,264
1139,52,61,88,5,206
1140,89,64,90,9,252
1141,56,81,59,5,201
1142,97,54,65,5,221
1143,70,60,90,1,221
1144,95,92,90,5,282
1145,78,50,66,3,197
1146,65,94,54,5,218
1147,66,100,56,0,222
1148,53,74,78,6,211
1149,60,76,81,6,223
1150,72,84,74,1,231
1151,80,100,86,10,276
1152,98,93,64,2,257
1153,78,54,52,4,188
1154,51,70,66,1,188
1155,54,71,60,6,191
1156,60,96,54,8,218
1157,55,71,88,9,223
1158,80,95,51,6,232
1159,91,60,88,6,245
1160,60,53,56,5,174
1161,63,62,76,8,209
1162,96,96,84,4,280
1163,92,68,69,3,232
1164,56,53,75,9,193
1165,85,81,59,0,225
1166,73,50,77,1,201
1167,68,92,90,9,259
1168,80,62,56,0,198
1169,63,60,90,4,217
1170,55,80,57,4,196
1171,100,75,80,7,262
1172,92,66,55,10,223
1173,84,74,61,5,224
1174,74,73,61,7,215
1175,52,66,78,7,203
1176,66,64,67,9,206
1177,53,59,98,10,220
1178,56,55,92,5,208
1179,84,76,98,9,267
1180,64,85,53,6,208
1181,83,76,84,10,253
1182,80,86,65,7,238
1183,69,55,75,0,199
1184,82,86,83,9,260
1185,93,89,59,1,242
1186,98,78,61,2,239
1187,63,62,58,0,183
1188,77,55,93,6,231
1189,62,90,59,9,220
1190,66,70,96,1,233
1191,55,74,85,6,220
1192,85,70,67,8,230
1193,79,50,100,9,238
1194,87,83,100,6,276
1195,57,76,59,2,194
1196,86,87,87,1,261
1197,56,86,99,1,242
1198,100,68,84,5,257
1199,76,66,74,10,226
1200,81,86,88,7,262
1201,52,61,67,6,186
1202,59,89,88,10,246
1203,94,75,52,6,227
1204,71,94,65,0,230
1205,97,80,67,5,249
1206,51,71,100,4,226
1207,69,67,81,10,227
1208,56,64,58,4,182
1209,97,78,99,5,279
1210,67,96,76,9,248
1211,91,55,62,7,215
1212,63,76,97,7,243
1213,98,83,73,0,254
1214,82,100,60,1,243
1215,69,95,82,6,252
1216,58,99,83,9,249
1217,51,61,62,3,177
1218,53,65,52,7,177
1219,53,73,95,3,224
1220,67,73,79,8,227
1221,75,90,57,10,232
1222,51,65,73,7,196
1223,88,78,61,7,234
1224,87,85,72,5,249
1225,60,66,97,1,224
1226,68,51,74,0,193
1227,60,86,99,3,248
1228,64,91,64,10,229
1229,63,67,91,6,227
1230,82,51,99,10,242
1231,50,80,58,10,198
1232,61,88,50,3,202
1233,66,88,69,10,233
1234,67,77,74,5,223
1235,79,66,63,7,215
1236,69,93,83,9,254
1237,75,87,56,0,218
1238,82,92,73,8,255
1239,91,88,88,4,271
1240,69,93,56,7,225
1241,54,71,67,10,202
1242,70,67,66,10,213
1243,95,91,69,3,258
1244,59,83,98,3,243
1245,53,88,75,10,226
1246,70,93,58,0,221
1247,91,81,68,4,244
1248,76,75,74,0,225
1249,87,95,86,3,271
1250,71,96,95,3,265
1251,93,84,90,7,274
1252,92,72,82,4,250
1253,60,92,85,2,239
1254,68,56,80,2,206
1255,97,66,96,8,267
1256,98,61,93,5,257
1257,91,55,64,5,215
1258,64,97,69,6,236
1259,100,71,73,4,248
1260,87,68,79,1,235
1261,80,53,90,9,232
1262,87,89,54,7,237
1263,62,82,57,10,211
1264,74,83,69,6,232
1265,53,59,58,3,173
1266,71,76,86,7,240
1267,59,70,95,2,226
1268,99,55,81,5,240
1269,90,61,70,10,231
1270,53,50,78,4,185
1271,63,98,99,2,262
1272,86,98,60,7,251
1273,100,98,99,1,298
1274,58,89,77,10,234
1275,77,75,77,7,236
1276,74,50,52,8,184
1277,62,96,73,0,231
1278,70,98,83,3,254
1279,51,93,50,10,204
1280,96,65,64,5,230
1281,69,58,56,6,189
1282,82,87,69,2,240
1283,54,52,69,4,179
1284,79,96,83,9,267
1285,83,71,77,10,241
1286,58,71,81,5,215
1287,98,62,60,6,226
1288,51,64,64,2,181
1289,63,96,51,9,219
1290,82,60,57,5,204
1291,95,91,100,0,286
1292,74,90,66,8,238
1293,89,53,88,0,230
1294,92,56,91,0,239
1295,53,94,57,6,210
1296,78,74,57,8,217
1297,66,80,94,2,242
1298,63,94,93,10,260
1299,50,69,76,10,205
1300,56,92,83,4,235
1301,89,88,94,2,273
1302,76,56,82,9,223
1303,57,68,57,1,183
1304,81,62,88,3,234
1305,99,66,83,3,251
1306,72,95,76,4,247
1307,60,52,85,7,204
1308,63,94,80,5,242
1309,65,50,50,10,175
1310,55,57,86,10,208
1311,81,59,55,8,203
1312,54,96,96,1,247
1313,66,91,64,7,228
1314,68,66,79,0,213
1315,56,61,52,4,173
1316,73,93,70,6,242
1317,97,57,56,0,210
1318,50,58,92,10,210
1319,60,71,72,7,210
1320,89,67,96,1,253
1321,73,71,61,1,206
1322,75,75,79,4,233
1323,74,94,80,6,254
1324,91,60,57,2,210
1325,94,96,53,2,245
1326,56,76,87,7,226
1327,86,93,78,2,259
1328,89,74,99,5,267
1329,89,51,93,2,235
1330,80,81,57,6,224
1331,78,52,54,4,188
1332,91,70,50,10,221
1333,83,99,97,9,288
1334,96,86,64,10,256
1335,71,83,83,9,246
1336,56,77,92,3,228
1337,80,72,92,10,254
1338,91,74,59,8,232
1339,89,53,50,10,202
1340,60,82,80,7,229
1341,60,54,98,7,219
1342,70,65,71,4,210
1343,53,82,64,8,207
1344,91,74,75,3,243
1345,55,79,78,9,221
1346,78,55,81,7,221
1347,70,57,81,10,218
1348,51,56,75,6,188
1349,52,85,85,0,222
1350,55,100,88,9,252
1351,90,69,82,8,249
1352,63,91,92,7,253
1353,71,73,53,3,200
1354,79,71,85,9,244
1355,88,80,95,10,273
1356,73,95,78,1,247
1357,56,98,92,3,249
1358,50,71,72,10,203
1359,68,85,83,5,241
1360,94,56,52,2,204
1361,81,58,95,6,240
1362,56,66,89,3,214
1363,62,57,75,3,197
1364,79,100,62,5,246
1365,56,98,76,0,230
1366,90,93,87,1,271
1367,99,78,79,10,266
1368,87,82,58,7,234
1369,50,83,97,0,230
1370,85,77,87,7,256
1371,82,99,61,9,251
1372,61,96,58,1,216
1373,74,92,88,9,263
1374,70,82,74,6,232
1375,88,94,98,3,283
1376,67,75,71,4,217
1377,78,58,58,6,200
1378,88,94,97,8,287
1379,69,94,85,5,253
1380,95,97,85,10,287
1381,63,62,63,9,197
1382,95,68,93,5,261
1383,93,58,95,10,256
1384,61,82,84,10,237
1385,70,95,57,5,227
1386,85,80,87,9,261
1387,92,95,76,10,273
1388,97,84,68,6,255
1389,50,83,56,0,189
1390,74,59,53,10,196
1391,53,62,67,2,184
1392,68,93,66,2,229
1393,53,94,100,4,251
1394,63,98,84,0,245
1395,72,78,56,9,215
1396,93,97,85,3,278
1397,97,91,85,6,279
1398,65,82,100,4,251
1399,94,92,53,6,245
1400,74,76,100,10,260
1401,70,85,53,0,208
1402,97,66,62,9,234
1403,99,78,64,10,251
1404,95,95,91,5,286
1405,98,87,84,9,278
1406,62,99,96,3,260
1407,68,78,61,10,217
1408,54,61,61,8,184
1409,57,74,52,6,189
1410,67,85,66,2,220
1411,60,87,66,0,213
1412,71,79,95,2,247
1413,52,59,70,9,190
1414,53,99,90,9,251
1415,92,69,81,9,251
1416,85,72,54,5,216
1417,83,64,61,8,216
1418,54,100,82,2,238
1419,76,84,84,6,250
1420,55,72,64,3,194
1421,92,71,71,5,239
1422,68,63,98,9,238
1423,83,80,85,10,258
1424,50,57,92,5,204
1425,78,65,91,9,243
1426,89,65,52,10,216
1427,70,74,100,1,245
1428,74,66,84,4,228
1429,51,83,99,5,238
1430,82,82,78,7,249
1431,52,68,91,3,214
1432,70,82,55,1,208
1433,60,99,84,8,251
1434,50,90,54,3,197
1435,92,90,99,3,284
1436,93,77,56,3,229
1437,84,94,97,6,281
1438,91,54,97,10,252
1439,59,51,79,5,194
1440,52,55,54,0,161
1441,61,100,66,8,235
1442,54,86,64,4,208
1443,76,74,78,10,238
1444,75,77,70,0,222
1445,74,93,57,8,232
1446,50,91,96,9,246
1447,54,98,97,9,258
1448,52,94,54,5,205
1449,82,56,68,10,216
1450,69,88,55,4,216
1451,98,78,74,6,256
1452,92,51,80,2,225
1453,84,64,58,6,212
1454,100,84,68,10,262
1455,59,69,93,10,231
1456,73,50,85,8,216
1457,59,57,52,0,168
1458,86,88,75,8,257
1459,85,55,69,3,212
1460,97,97,96,5,295
1461,63,76,91,8,238
1462,59,60,61,3,183
1463,89,66,62,1,218
1464,61,92,86,0,239
1465,98,85,79,10,272
1466,85,54,68,10,217
1467,54,66,56,3,179
1468,96,87,81,5,269
1469,72,58,92,10,232
1470,65,56,68,9,198
1471,54,62,70,7,193
1472,78,71,89,10,248
1473,69,94,87,2,252
1474,86,86,73,5,250
1475,77,60,50,5,192
1476,65,100,64,10,239
1477,77,67,73,2,219
1478,93,96,71,7,267
1479,79,78,72,4,233
1480,81,85,56,2,224
1481,91,88,55,4,238
1482,58,84,62,4,208
1483,96,90,54,1,241
1484,51,82,90,0,223
1485,87,87,75,9,258
1486,63,52,85,4,204
1487,84,84,80,10,258
1488,99,59,73,6,237
1489,64,99,87,4,254
1490,58,79,82,8,227
1491,55,75,73,8,211
1492,50,92,65,9,216
1493,93,60,98,8,259
1494,58,78,60,2,198
1495,86,86,92,2,266
1496,97,96,80,5,278
1497,52,64,98,7,221
1498,64,54,66,5,189
1499,64,52,92,3,211
1500,83,100,73,6,262
1501,80,79,52,0,211
1502,91,70,56,8,225
1503,90,67,97,4,258
1504,87,84,86,2,259
1505,74,91,74,5,244
1506,87,91,54,8,240
1507,66,74,64,8,212
1508,75,72,72,7,226
1509,100,80,88,0,268
1510,82,58,78,2,220
1511,64,54,82,10,210
1512,67,63,59,2,191
1513,60,73,88,1,222
1514,92,64,76,5,237
1515,96,57,80,10,243
1516,80,80,63,9,232
1517,60,91,76,0,227
1518,65,52,58,9,184
1519,87,60,58,10,215
1520,82,52,86,2,222
1521,53,60,66,2,181
1522,83,75,88,9,255
1523,90,51,96,10,247
1524,68,55,63,7,193
1525,88,80,80,2,250
1526,64,76,88,2,230
1527,100,87,99,2,288
1528,89,92,82,4,267
1529,60,96,93,5,254
1530,79,88,87,1,255
1531,64,74,74,2,214
1532,56,51,62,8,177
1533,82,93,76,2,253
1534,88,56,61,7,212
1535,89,88,52,8,237
1536,82,98,57,1,238
1537,80,92,58,9,239
1538,84,50,99,10,243
1539,91,77,83,6,257
1540,73,52,94,8,227
1541,77,64,80,6,227
1542,72,87,97,9,265
1543,56,77,58,4,195
1544,80,99,64,1,244
1545,68,88,84,6,246
1546,66,62,50,0,178
1547,86,83,57,8,234
1548,50,74,91,3,218
1549,94,70,76,5,245
1550,56,59,77,10,202
1551,87,66,66,8,227
1552,77,86,73,9,245
1553,67,93,75,3,238
1554,76,85,100,8,269
1555,80,61,73,8,222
1556,85,80,66,4,235
1557,86,72,99,6,263
1558,97,58,92,1,248
1559,97,64,78,2,241
1560,56,63,82,6,207
1561,100,71,85,9,265
1562,94,93,95,0,282
1563,60,74,90,0,224
1564,55,59,80,9,203
1565,77,55,54,4,190
1566,64,73,55,9,201
1567,52,96,74,6,228
1568,89,91,83,4,267
1569,95,88,53,2,238
1570,90,81,78,0,249
1571,62,92,83,4,241
1572,62,52,100,9,223
1573,82,83,94,3,262
1574,89,60,93,0,242
1575,73,65,91,0,229
1576,60,55,67,6,188
1577,72,92,75,6,245
1578,87,62,83,0,232
1579,97,95,54,1,247
1580,85,68,96,8,257
1581,87,72,72,4,235
1582,64,88,62,7,221
1583,75,86,50,4,215
1584,61,76,82,1,220
1585,85,54,82,4,225
1586,71,57,82,4,214
1587,84,100,86,4,274
1588,94,78,74,9,255
1589,80,99,65,5,249
1590,99,79,93,7,278
1591,87,51,80,1,219
1592,66,54,74,10,204
1593,100,64,93,3,260
1594,70,76,72,8,226
1595,84,50,94,4,232
1596,65,68,55,6,194
1597,93,97,71,1,262
1598,85,61,80,5,231
1599,72,63,86,4,225
1600,61,97,93,3,254
1601,81,97,62,3,243
1602,97,65,66,3,231
1603,64,62,65,9,200
1604,72,59,99,1,231
1605,57,55,93,10,215
1606,81,89,50,8,228
1607,52,80,73,9,214
1608,70,81,86,4,241
1609,81,61,98,8,248
1610,67,75,64,9,215
1611,58,53,83,6,200
1612,80,84,52,8,224
1613,72,75,93,2,242
1614,79,57,94,8,238
1615,79,70,94,0,243
1616,50,93,63,6,212
1617,87,56,70,5,218
1618,89,66,61,8,224
1619,66,65,67,7,205
1620,89,71,73,2,235
1621,81,77,63,6,227
1622,94,98,73,5,270
1623,75,67,78,2,222
1624,86,58,86,10,240
1625,64,56,96,4,220
1626,65,85,77,6,233
1627,62,59,97,2,220
1628,80,50,61,6,197
1629,81,58,90,8,237
1630,84,96,70,7,257
1631,69,66,85,9,229
1632,53,75,56,2,186
1633,53,63,66,7,189
1634,90,56,78,5,229
1635,66,73,73,8,220
1636,85,66,72,0,223
1637,76,57,72,10,215
1638,88,62,86,9,245
1639,91,91,84,2,268
1640,99,68,72,5,244
1641,93,82,81,7,263
1642,55,74,89,4,222
1643,79,90,59,2,230
1644,90,71,76,10,247
1645,89,86,75,1,251
1646,55,60,71,3,189
1647,70,70,91,4,235
1648,95,67,88,10,260
1649,75,67,78,5,225
1650,97,87,83,7,274
1651,76,60,61,0,197
1652,58,96,65,10,229
1653,66,97,94,1,258
1654,63,60,75,1,199
1655,56,54,80,8,198
1656,53,51,99,6,209
1657,83,98,55,1,237
1658,66,89,59,1,215
1659,91,74,69,3,237
1660,65,97,68,7,237
1661,90,58,58,8,214
1662,60,51,52,10,173
1663,72,70,80,7,229
1664,84,67,85,7,243
1665,58,94,84,2,238
1666,87,88,79,10,264
1667,97,90,86,6,279
1668,83,90,90,8,271
1669,69,72,80,8,229
1670,64,55,78,4,201
1671,73,76,66,2,217
1672,69,50,50,8,177
1673,98,58,72,4,232
1674,80,84,50,7,221
1675,98,80,69,0,247
1676,99,77,68,9,253
1677,64,100,50,8,222
1678,73,62,76,8,219
1679,77,75,65,2,219
1680,95,97,91,6,289
1681,74,64,66,1,205
1682,77,90,65,8,240
1683,98,89,94,10,291
1684,67,68,91,8,234
1685,67,76,62,1,206
1686,61,58,68,1,188
1687,90,79,89,7,265
1688,67,94,89,7,257
1689,62,70,51,2,185
1690,53,84,51,2,190
1691,56,68,67,2,193
1692,95,78,96,0,269
1693,64,55,59,0,178
1694,81,63,71,6,221
1695,69,100,81,5,255
1696,79,94,100,0,273
1697,71,55,98,2,226
1698,53,67,99,6,225
1699,54,84,80,2,220
1700,62,66,74,0,202
1701,57,99,95,3,254
1702,74,99,78,3,254
1703,97,52,62,7,218
1704,97,99,56,8,260
1705,92,63,80,6,241
1706,93,69,70,2,234
1707,90,96,52,8,246
1708,83,57,66,7,213
1709,90,69,62,5,226
1710,53,92,63,1,209
1711,65,90,77,5,237
1712,50,60,100,4,214
1713,87,57,75,3,222
1714,50,52,87,7,196
1715,94,88,59,5,246
1716,99,55,65,2,221
1717,81,55,93,9,238
1718,71,98,90,0,259
1719,53,72,91,2,218
1720,94,84,100,1,279
1721,58,81,64,5,208
1722,85,100,91,5,281
1723,78,96,62,0,236
1724,94,74,72,2,242
1725,66,52,81,7,206
1726,85,68,84,7,244
1727,62,86,61,8,217
1728,72,70,96,7,245
1729,67,88,85,2,242
1730,54,83,59,7,203
1731,68,66,84,5,223
1732,79,50,99,10,238
1733,82,74,96,2,254
1734,51,89,73,9,222
1735,65,70,96,1,232
1736,92,84,74,3,253
1737,83,93,81,8,265
1738,59,89,68,5,221
1739,76,91,70,1,238
1740,56,83,92,1,232
1741,52,58,61,0,171
1742,62,56,81,3,202
1743,56,52,86,10,204
1744,74,92,81,8,255
1745,89,94,87,4,274
1746,53,73,64,9,199
1747,95,54,50,3,202
1748,91,81,55,7,234
1749,90,53,73,8,224
1750,97,76,73,0,246
1751,89,67,83,0,239
1752,96,54,69,1,220
1753,63,83,56,1,203
1754,96,64,84,6,250
1755,62,62,83,10,217
1756,65,86,90,2,243
1757,85,97,85,6,273
1758,97,56,99,10,262
1759,86,72,93,7,258
1760,94,92,77,1,264
1761,60,100,61,8,229
1762,75,82,71,10,238
1763,60,84,88,7,239
1764,72,70,85,5,232
1765,73,76,98,10,257
1766,77,96,70,9,252
1767,65,86,84,3,238
1768,74,99,85,4,262
1769,73,78,78,6,235
1770,50,96,52,4,202
1771,88,51,83,2,224
1772,69,50,69,3,191
1773,63,70,51,4,188
1774,85,82,85,9,261
1775,86,59,56,0,201
1776,79,72,59,2,212
1777,66,73,87,3,229
1778,64,66,69,1,200
1779,86,75,86,3,250
1780,96,54,96,5,251
1781,100,80,61,7,248
1782,94,94,86,1,275
1783,88,91,69,0,248
1784,96,86,74,1,257
1785,99,53,99,5,256
1786,72,77,76,1,226
1787,99,64,97,10,270
1788,88,50,90,10,238
1789,74,53,69,8,204
1790,52,70,84,9,215
1791,59,70,82,3,214
1792,59,53,93,6,211
1793,78,98,88,9,273
1794,82,55,64,6,207
1795,68,100,75,2,245
1796,58,71,55,7,191
1797,86,97,53,8,244
1798,75,66,55,6,202
1799,82,77,99,2,260
1800,98,58,80,8,244
1801,62,81,75,10,228
1802,86,62,85,9,242
1803,97,83,65,3,248
1804,54,67,99,6,226
1805,70,93,86,1,250
1806,57,92,76,6,231
1807,73,72,62,5,212
1808,72,88,91,0,251
1809,99,69,60,5,233
1810,89,78,89,2,258
1811,78,52,64,3,197
1812,93,73,59,1,226
1813,57,97,53,3,210
1814,89,59,68,0,216
1815,71,94,57,4,226
1816,78,80,51,5,214
1817,63,97,84,3,247
1818,63,84,83,4,234
1819,85,80,89,2,256
1820,94,94,92,0,280
1821,74,87,92,8,261
1822,52,66,60,0,178
1823,68,62,100,9,239
1824,67,53,79,10,209
1825,50,54,74,10,188
1826,67,92,92,5,256
1827,56,51,68,10,185
1828,74,64,74,8,220
1829,95,56,70,7,228
1830,88,84,55,2,229
1831,62,82,79,8,231
1832,95,51,52,3,201
1833,83,69,71,7,230
1834,75,97,60,0,232
1835,72,93,72,5,242
1836,90,69,65,8,232
1837,67,53,90,4,214
1838,74,51,85,4,214
1839,64,59,71,6,200
1840,92,58,55,6,211
1841,83,93,89,10,275
1842,93,64,76,3,236
1843,86,59,77,4,226
1844,88,71,78,8,245
1845,58,63,91,2,214
1846,87,84,93,3,267
1847,58,69,94,8,229
1848,58,77,99,2,236
1849,91,86,60,5,242
1850,54,85,84,1,224
1851,61,70,59,0,190
1852,98,70,76,6,250
1853,69,78,97,10,254
1854,97,67,59,3,226
1855,56,58,61,0,175
1856,98,89,89,4,280
1857,88,86,89,3,266
1858,88,64,64,10,226
1859,51,72,55,7,185
1860,58,82,88,7,235
1861,95,91,73,2,261
1862,74,81,80,2,237
1863,60,62,64,0,186
1864,76,98,50,4,228
1865,76,64,97,10,247
1866,62,98,63,1,224
1867,61,78,89,7,235
1868,94,70,79,3,246
1869,77,75,99,0,251
1870,88,97,74,5,264
1871,75,89,97,9,270
1872,88,84,83,10,265
1873,95,100,52,8,255
1874,56,78,79,0,213
1875,65,83,84,6,238
1876,97,52,85,6,240
1877,83,98,90,0,271
1878,62,68,78,6,214
1879,69,99,68,7,243
1880,60,77,68,9,214
1881,53,94,83,2,232
1882,79,91,78,1,249
1883,96,82,57,2,237
1884,99,87,94,8,288
1885,58,75,76,5,214
1886,78,51,61,7,197
1887,87,95,62,7,251
1888,55,66,70,10,201
1889,95,100,60,1,256
1890,55,57,95,7,214
1891,90,73,55,8,226
1892,95,74,96,8,273
1893,89,60,74,8,231
1894,74,52,99,2,227
1895,71,86,92,2,251
1896,60,59,61,0,180
1897,76,69,69,7,221
1898,68,90,61,1,220
1899,58,62,50,9,179
1900,98,66,50,7,221
1901,81,81,84,0,246
1902,88,81,65,3,237
1903,87,92,80,7,266
1904,76,78,55,9,218
1905,88,50,65,8,211
1906,67,89,90,8,254
1907,63,53,61,2,179
1908,53,91,72,0,216
1909,59,52,92,9,212
1910,88,69,71,1,229
1911,53,56,76,2,187
1912,60,93,68,9,230
1913,92,94,94,9,289
1914,86,100,85,2,273
1915,79,97,87,5,268
1916,52,55,99,4,210
1917,70,73,74,1,218
1918,98,77,85,1,261
1919,68,80,58,1,207
1920,94,67,71,8,240
1921,76,83,63,3,225
1922,89,53,56,9,207
1923,96,90,83,1,270
1924,80,96,94,9,279
1925,100,95,68,6,269
1926,88,70,66,8,232
1927,86,89,72,2,249
1928,89,86,81,8,264
1929,96,90,81,7,274
1930,61,89,64,4,218
1931,62,50,57,0,169
1932,79,90,100,1,270
1933,97,63,89,6,255
1934,76,52,71,5,204
1935,85,90,63,0,238
1936,90,62,94,4,250
1937,66,100,54,4,224
1938,69,82,85,5,241
1939,99,50,57,10,216
1940,71,71,75,9,226
1941,89,51,61,3,204
1942,71,71,93,7,242
1943,80,52,91,2,225
1944,80,59,90,7,236
1945,84,71,79,6,240
1946,97,53,83,4,237
1947,86,96,93,5,280
1948,85,84,51,3,223
1949,86,93,71,5,255
1950,54,59,67,0,180
1951,71,74,90,8,243
1952,60,86,88,6,240
1953,61,88,57,4,210
1954,95,70,95,0,260
1955,67,76,55,7,205
1956,65,73,78,4,220
1957,63,83,69,2,217
1958,57,73,100,0,230
1959,99,62,55,7,223
1960,82,51,80,8,221
1961,59,62,71,7,199
1962,96,83,69,5,253
1963,59,99,56,8,222
1964,93,58,63,0,214
1965,79,74,95,8,256
1966,57,50,69,0,176
1967,93,88,55,5,241
1968,79,52,56,8,195
1969,99,92,97,4,292
1970,51,86,98,4,239
1971,90,63,70,3,226
1972,62,68,67,8,205
1973,70,99,78,10,257
1974,57,67,59,2,185
1975,67,57,50,9,183
1976,85,82,56,3,226
1977,84,72,85,5,246
1978,67,59,95,4,225
1979,86,65,60,1,212
1980,69,89,71,8,237
1981,78,53,58,0,189
1982,80,93,53,1,227
1983,74,53,55,6,188
1984,75,61,95,9,240
1985,87,90,94,7,278
1986,89,72,69,5,235
1987,62,95,98,10,265
1988,84,55,98,7,244
1989,86,58,55,7,206
1990,56,79,69,10,214
1991,91,95,99,7,292
1992,80,64,64,2,210
1993,89,66,73,6,234
1994,61,94,92,5,252
1995,100,70,79,7,256
1996,51,54,80,1,186
1997,72,80,79,2,233
1998,68,99,72,9,248
1999,86,58,82,1,227
2000,75,95,100,1,271
2001,70,85,91,1,247
2002,100,69,84,7,260
2003,75,87,76,3,241
2004,89,65,85,2,241
2005,80,74,54,5,213
2006,63,94,87,6,250
2007,100,77,86,5,268
2008,84,94,65,2,245
2009,92,92,54,9,247
2010,81,57,87,9,234
2011,79,70,85,1,235
2012,78,61,69,6,214
2013,54,88,56,10,208
2014,88,99,74,5,266
2015,81,91,92,0,264
2016,55,63,58,9,185
2017,98,90,50,2,240
2018,92,59,78,8,237
2019,68,74,89,9,240
2020,78,62,63,10,213
2021,70,69,86,10,235
2022,69,77,95,5,246
2023,55,87,50,9,201
2024,82,75,58,4,219
2025,53,73,85,0,211
2026,50,95,85,5,235
2027,57,68,51,3,179
2028,77,94,87,6,264
2029,90,70,95,6,261
2030,75,74,77,8,234
2031,63,92,61,7,223
2032,58,62,85,6,211
2033,73,76,59,4,212
2034,92,58,58,0,208
2035,54,91,51,2,198
2036,96,81,92,6,275
2037,58,55,58,10,181
2038,76,79,100,9,264
2039,77,89,61,7,234
2040,82,77,85,7,251
2041,74,72,64,2,212
2042,77,88,50,9,224
2043,81,96,65,8,250
2044,67,76,84,9,236
2045,73,52,52,9,186
2046,80,95,73,1,249
2047,87,80,94,1,262
2048,59,96,96,8,259
2049,98,99,67,7,271
2050,83,55,83,9,230
2051,55,65,80,10,210
2052,97,92,92,1,282
2053,93,90,84,9,276
2054,69,89,53,5,216
2055,84,99,50,7,240
2056,79,82,80,9,250
2057,96,71,76,5,248
2058,68,68,60,0,196
2059,94,88,97,4,283
2060,96,100,86,4,286
2061,53,90,80,9,232
2062,60,86,53,10,209
2063,68,97,89,0,254
2064,68,81,55,2,206
2065,82,54,100,4,240
2066,66,58,89,4,217
2067,67,66,50,1,184
2068,88,61,87,2,238
2069,92,78,73,2,245
2070,66,100,94,3,263
2071,81,61,83,0,225
2072,71,55,59,9,194
2073,59,81,98,6,244
2074,99,74,65,10,248
2075,78,96,90,2,266
2076,63,86,96,5,250
2077,53,91,66,1,211
2078,53,60,79,6,198
2079,80,69,80,8,237
2080,64,74,93,6,237
2081,80,66,59,8,213
2082,77,50,68,7,202
2083,74,93,70,8,245
2084,93,52,56,8,209
2085,90,72,77,9,248
2086,91,67,71,4,233
2087,67,56,66,10,199
2088,87,75,79,10,251
2089,97,65,96,10,268
2090,87,99,62,8,256
2091,71,93,94,2,260
2092,70,85,50,10,215
2093,50,54,50,6,160
2094,56,83,56,10,205
2095,78,72,64,4,218
2096,66,62,52,0,180
2097,89,55,53,9,206
2098,92,63,88,10,253
2099,57,95,57,1,210
2100,88,58,74,10,230
2101,98,91,86,2,277
2102,57,94,61,4,216
2103,68,79,92,1,240
2104,90,79,67,6,242
2105,94,92,99,5,290
2106,66,60,99,1,226
2107,67,99,53,6,225
2108,74,71,53,4,202
2109,66,61,78,1,206
2110,81,62,89,6,238
2111,61,91,81,1,234
2112,59,84,99,6,248
2113,63,89,91,1,244
2114,78,95,66,1,240
2115,52,54,54,9,169
2116,96,66,99,7,268
2117,51,81,59,10,201
2118,90,50,52,10,202
2119,74,67,59,5,205
2120,75,86,50,8,219
2121,95,99,81,7,282
2122,77,75,96,1,249
2123,84,64,50,6,204
2124,94,99,80,1,274
2125,86,84,72,5,247
2126,93,69,75,0,237
2127,90,91,55,5,241
2128,84,71,55,7,217
2129,98,99,68,10,275
2130,62,61,85,0,208
2131,74,92,62,4,232
2132,94,74,56,10,234
2133,94,72,81,1,248
2134,90,78,97,3,268
2135,58,52,62,0,172
2136,96,87,65,7,255
2137,74,54,100,8,236
2138,91,69,81,8,249
2139,78,51,52,5,186
2140,53,71,100,0,224
2141,75,57,63,10,205
2142,92,83,79,10,264
2143,84,59,97,9,249
2144,64,54,52,2,172
2145,81,91,51,7,230
2146,89,52,65,10,216
2147,58,50,61,10,179
2148,53,69,100,1,223
2149,79,89,60,9,237
2150,54,56,57,7,174
2151,88,89,64,1,242
2152,62,77,71,10,220
2153,75,70,57,10,212
2154,86,84,58,5,233
2155,100,63,98,0,261
2156,87,61,71,1,220
2157,57,67,59,6,189
2158,60,94,73,8,235
2159,60,78,65,9,212
2160,52,58,56,10,176
2161,89,74,99,2,264
2162,51,81,55,0,187
2163,50,61,55,10,176
2164,87,68,76,7,238
2165,94,58,63,2,217
2166,90,67,83,7,247
2167,76,65,61,9,211
2168,94,52,88,2,236
2169,95,81,89,1,266
2170,90,100,69,5,264
2171,76,50,85,3,214
2172,62,57,83,1,203
2173,89,73,98,8,268
2174,82,64,79,10,235
2175,92,63,67,0,222
2176,62,57,100,2,221
2177,93,80,81,2,256
2178,60,92,52,0,204
2179,91,73,68,3,235
2180,77,66,71,9,223
2181,98,79,52,1,230
2182,97,53,84,2,236
2183,60,100,51,7,218
2184,82,57,54,3,196
2185,96,78,87,9,270
2186,70,76,62,10,218
2187,70,64,99,1,234
2188,70,64,56,3,193
2189,97,76,62,6,241
2190,64,54,80,9,207
2191,81,53,77,2,213
2192,63,89,79,2,233
2193,74,73,58,7,212
2194,96,62,90,5,253
2195,67,62,71,2,202
2196,52,94,86,0,232
2197,67,58,57,7,189
2198,79,76,60,5,220
2199,64,68,88,2,222
2200,100,100,90,9,299
2201,60,86,85,3,234
2202,55,76,83,7,221
2203,63,87,80,7,237
2204,67,50,96,6,219
2205,97,65,65,5,232
2206,77,87,64,9,237
2207,59,86,50,6,201
2208,52,52,80,8,192
2209,52,77,83,6,218
2210,80,94,56,7,237
2211,81,65,55,8,209
2212,98,50,94,6,248
2213,63,58,72,4,197
2214,65,91,55,0,211
2215,80,92,69,2,243
2216,95,79,86,9,269
2217,51,79,79,2,211
2218,95,75,61,5,236
2219,90,79,95,10,274
2220,50,90,54,6,200
2221,94,71,83,0,248
2222,68,77,98,4,247
2223,94,89,84,9,276
2224,100,63,100,10,273
2225,55,89,71,0,215
2226,82,93,73,0,248
2227,57,74,73,7,211
2228,89,52,73,5,219
2229,61,91,85,1,238
2230,85,95,99,3,282
2231,58,71,65,8,202
2232,57,91,80,9,237
2233,94,63,98,3,258
2234,70,72,67,8,217
2235,93,77,67,0,237
2236,54,73,72,7,206
2237,81,82,83,1,247
2238,80,95,84,10,269
2239,84,68,78,9,239
2240,73,93,94,1,261
2241,62,79,55,1,197
2242,75,61,68,1,205
2243,56,60,67,1,184
2244,94,59,81,2,236
2245,63,83,90,0,236
2246,68,76,93,8,245
2247,58,80,72,6,216
2248,78,97,91,0,266
2249,68,62,54,0,184
2250,64,83,91,5,243
2251,76,87,71,10,244
2252,91,100,70,7,268
2253,87,92,94,8,281
2254,85,78,79,4,246
2255,86,58,100,4,248
2256,60,100,66,3,229
2257,80,73,68,0,221
2258,59,72,68,7,206
2259,60,89,60,8,217
2260,68,61,61,10,200
2261,100,59,60,3,222
2262,57,52,70,9,188
2263,58,78,66,5,207
2264,61,63,85,0,209
2265,92,70,72,2,236
2266,73,78,84,2,237
2267,84,69,57,0,210
2268,75,81,99,2,257
2269,79,70,59,0,208
2270,97,84,82,5,268
2271,91,95,68,7,261
2272,68,98,86,10,262
2273,59,86,96,7,248
2274,71,94,57,7,229
2275,52,58,93,8,211
2276,57,69,51,6,183
2277,89,64,78,5,236
2278,55,70,53,9,187
2279,91,62,87,8,248
2280,64,100,99,4,267
2281,62,51,55,8,176
2282,78,93,92,1,264
2283,82,75,62,7,226
2284,70,88,88,8,254
2285,53,92,73,6,224
2286,59,95,77,5,236
2287,74,73,50,4,201
2288,72,72,69,7,220
2289,85,55,63,7,210
2290,97,76,78,4,255
2291,60,96,77,6,239
2292,58,87,88,1,234
2293,59,63,69,7,198
2294,83,71,54,9,217
2295,98,74,55,0,227
2296,76,90,67,6,239
2297,61,85,79,9,234
2298,98,58,62,2,220
2299,74,68,85,7,234
2300,52,69,87,4,212
2301,81,85,97,7,270
2302,64,51,100,0,215
2303,59,66,69,10,204
2304,90,80,57,10,237
2305,92,68,76,2,238
2306,81,94,91,3,269
2307,51,57,98,4,210
2308,81,54,88,5,228
2309,87,80,86,6,259
2310,66,90,93,7,256
2311,94,57,73,8,232
2312,96,86,51,4,237
2313,60,87,53,2,202
2314,70,79,94,2,245
2315,72,60,53,4,189
2316,73,76,90,5,244
2317,53,68,68,8,197
2318,90,54,82,3,229
2319,99,90,61,1,251
2320,88,98,60,8,254
2321,70,70,93,4,237
2322,67,93,94,5,259
2323,56,84,87,5,232
2324,59,50,58,8,175
2325,68,73,99,7,247
2326,76,71,60,1,208
2327,63,59,82,3,207
2328,62,100,85,9,256
2329,94,83,84,8,269
2330,94,98,57,6,255
2331,79,54,57,2,192
2332,51,80,72,4,207
2333,94,73,58,7,232
2334,88,83,98,5,274
2335,61,95,69,0,225
2336,97,57,64,2,220
2337,94,59,94,3,250
2338,69,58,63,2,192
2339,55,77,94,1,227
2340,54,51,99,7,211
2341,98,77,52,3,230
2342,56,52,100,10,218
2343,82,87,53,7,229
2344,57,66,52,1,176
2345,69,92,50,1,212
2346,100,57,88,3,248
2347,87,62,61,10,220
2348,72,51,55,2,180
2349,97,67,87,5,256
2350,72,60,82,9,223
2351,65,82,86,1,234
2352,56,87,98,0,241
2353,83,63,95,3,244
2354,68,60,98,8,234
2355,50,96,56,3,205
2356,82,95,80,5,262
2357,94,87,61,7,249
2358,93,56,61,5,215
2359,74,77,63,8,222
2360,64,76,57,5,202
2361,57,79,57,8,201
2362,58,81,98,5,242
2363,95,68,85,0,248
2364,55,70,81,1,207
2365,74,68,79,9,230
2366,97,69,93,7,266
2367,64,85,76,4,229
2368,77,62,54,7,200
2369,93,73,61,0,227
2370,93,81,93,1,268
2371,75,78,83,10,246
2372,93,55,57,2,207
2373,75,75,94,9,253
2374,56,97,60,1,214
2375,73,62,71,3,209
2376,88,75,57,3,223
2377,77,96,81,4,258
2378,98,95,99,9,301
2379,87,67,98,10,262
2380,75,72,80,10,237
2381,88,75,81,8,252
2382,67,59,99,7,232
2383,56,57,66,7,186
2384,81,64,90,2,237
2385,51,56,97,0,204
2386,54,81,93,0,228
2387,61,74,88,10,233
2388,70,59,69,9,207
2389,89,56,98,1,244
2390,92,98,83,7,280
2391,100,79,62,4,245
2392,92,81,81,8,262
2393,66,84,71,8,229
2394,84,51,98,0,233
2395,77,57,74,7,215
2396,70,74,78,7,229
2397,52,52,61,8,173
2398,92,99,69,2,262
2399,81,77,58,4,220
2400,95,74,81,1,251
2401,86,93,81,10,270
2402,85,93,84,9,271
2403,80,80,85,2,247
2404,82,53,75,4,214
2405,81,87,74,9,251
2406,93,72,99,4,268
2407,70,53,51,9,183
2408,52,58,73,5,188
2409,97,87,51,10,245
2410,71,74,56,6,207
2411,72,72,76,5,225
2412,53,92,65,3,213
2413,65,91,69,9,234
2414,55,94,54,4,207
2415,57,71,60,0,188
2416,84,70,52,7,213
2417,92,77,86,8,263
2418,76,67,51,7,201
2419,87,51,70,6,214
2420,86,74,70,9,239
2421,56,81,56,10,203
2422,63,71,81,8,223
2423,98,92,71,2,263
2424,89,69,73,6,237
2425,62,81,90,1,234
2426,84,63,68,4,219
2427,53,69,86,6,214
2428,64,89,97,1,251
2429,95,87,56,9,247
2430,71,67,54,9,201
2431,83,80,77,3,243
2432,72,100,54,10,236
2433,69,82,69,6,226
2434,92,84,70,3,249
2435,76,75,66,9,226
2436,82,79,92,8,261
2437,61,51,90,8,210
2438,61,86,81,3,231
2439,92,97,79,4,272
2440,90,84,89,6,269
2441,86,96,90,0,272
2442,83,62,73,7,225
2443,59,65,59,10,193
2444,98,69,77,6,250
2445,70,54,90,3,217
2446,76,67,68,10,221
2447,60,66,93,9,228
2448,65,75,65,1,206
2449,59,62,51,3,175
2450,69,79,81,8,237
2451,77,77,91,0,245
2452,62,60,67,2,191
2453,51,66,100,4,221
2454,92,85,61,10,248
2455,52,96,81,0,229
2456,53,55,70,9,187
2457,69,54,76,5,204
2458,92,92,55,6,245
2459,96,58,65,1,220
2460,86,97,82,1,266
2461,83,92,87,8,270
2462,66,81,55,3,205
2463,88,57,99,5,249
2464,71,87,97,6,261
2465,97,97,65,6,265
2466,63,59,56,2,180
2467,63,67,78,6,214
2468,66,87,53,7,213
2469,84,73,94,1,252
2470,70,84,77,7,238
2471,93,65,67,2,227
2472,73,80,95,5,253
2473,69,51,91,9,220
2474,52,97,92,0,241
2475,94,100,92,3,289
2476,66,85,74,4,229
2477,90,94,73,10,267
2478,57,84,65,7,213
2479,74,50,75,4,203
2480,69,55,98,3,225
2481,69,63,60,7,199
2482,90,70,99,10,269
2483,76,100,52,4,232
2484,55,99,81,7,242
2485,97,76,71,6,250
2486,56,60,94,4,214
2487,82,54,72,6,214
2488,88,96,85,5,274
2489,79,94,51,0,224
2490,91,91,61,10,253
2491,78,100,91,2,271
2492,50,75,62,10,197
2493,69,70,86,1,226
2494,57,60,65,8,190
2495,95,99,91,2,287
2496,88,93,76,5,262
2497,78,80,97,2,257
2498,66,61,93,9,229
2499,70,68,62,1,201
2500,76,73,61,6,216
2501,74,86,64,0,224
2502,51,85,91,9,236
2503,90,64,55,7,216
2504,62,66,94,2,224
2505,53,75,89,6,223
2506,88,66,59,1,214
2507,73,60,86,1,220
2508,50,95,83,6,234
2509,99,79,93,7,278
2510,57,64,95,3,219
2511,62,100,67,4,233
2512,97,81,74,2,254
2513,77,63,88,3,231
2514,68,96,93,3,260
2515,76,61,76,2,215
2516,51,68,66,3,188
2517,89,78,65,5,237
2518,87,93,91,7,278
2519,55,50,80,2,187
2520,70,94,75,10,249
2521,63,95,74,6,238
2522,97,88,66,1,252
2523,56,85,53,0,194
2524,71,65,80,5,221
2525,88,92,88,0,268
2526,50,66,82,9,207
2527,74,69,75,10,228
2528,73,58,85,0,216
2529,87,61,66,2,216
2530,82,81,71,7,241
2531,58,55,70,8,191
2532,77,59,66,1,203
2533,70,52,58,7,187
2534,67,97,73,6,243
2535,68,66,89,4,227
2536,83,70,77,2,232
2537,70,97,81,2,250
2538,85,92,90,7,274
2539,53,62,59,0,174
2540,64,61,52,7,184
2541,66,60,95,7,228
2542,77,57,81,0,215
2543,78,72,95,8,253
2544,81,79,81,1,242
2545,96,59,57,5,217
2546,55,63,68,2,188
2547,60,97,82,4,243
2548,86,92,87,3,268
2549,87,50,83,9,229
2550,61,76,54,3,194
2551,99,81,93,1,274
2552,71,51,68,10,200
2553,93,57,75,5,230
2554,87,56,70,2,215
2555,51,55,79,10,195
2556,80,79,90,4,253
2557,88,92,50,5,235
2558,52,91,89,7,239
2559,70,96,96,9,271
2560,58,63,53,10,184
2561,68,70,53,1,192
2562,85,88,74,1,248
2563,75,66,61,3,205
2564,99,75,55,0,229
2565,63,60,74,6,203
2566,68,91,98,10,267
2567,59,57,69,7,192
2568,77,97,69,10,253
2569,88,58,72,10,228
2570,56,73,82,3,214
2571,81,78,74,7,240
2572,67,86,88,6,247
2573,55,98,77,5,235
2574,89,61,77,10,237
2575,77,55,52,8,192
2576,71,79,93,3,246
2577,91,93,95,2,281
2578,81,83,90,10,264
2579,83,55,68,7,213
2580,77,55,80,4,216
2581,59,58,93,4,214
2582,65,83,77,4,229
2583,86,53,85,1,225
2584,52,82,56,8,198
2585,77,76,56,7,216
2586,92,96,86,4,278
2587,72,66,87,1,226
2588,99,82,51,1,233
2589,97,92,79,2,270
2590,100,61,75,0,236
2591,55,76,95,4,230
2592,70,87,96,7,260
2593,98,92,78,9,277
2594,66,71,61,3,201
2595,61,55,97,9,222
2596,66,93,56,6,221
2597,84,51,50,6,191
2598,57,50,60,10,177
2599,80,79,94,6,259
2600,92,97,88,7,284
2601,69,89,89,5,252
2602,94,93,94,10,291
2603,75,69,55,2,201
2604,58,50,62,1,171
2605,51,94,62,0,207
2606,63,80,91,2,236
2607,91,65,77,10,243
2608,100,84,62,1,247
2609,69,99,79,2,249
2610,80,77,51,1,209
2611,60,59,97,7,223
2612,81,80,51,7,219
2613,87,65,62,4,218
2614,86,75,53,5,219
2615,50,56,90,6,202
2616,76,81,97,9,263
2617,88,96,85,4,273
2618,52,81,75,7,215
2619,82,87,96,9,274
2620,93,81,64,0,238
2621,83,51,77,9,220
2622,70,85,54,4,213
2623,91,76,80,1,248
2624,81,89,91,5,266
2625,78,94,77,0,249
2626,60,68,96,3,227
2627,80,72,78,3,233
2628,82,64,87,10,243
2629,71,88,95,10,264
2630,79,58,68,6,211
2631,76,93,91,5,265
2632,100,80,60,9,249
2633,63,68,94,1,226
2634,92,80,58,2,232
2635,62,60,88,7,217
2636,56,100,76,7,239
2637,69,65,63,8,205
2638,53,51,72,4,180
2639,72,93,60,2,227
2640,82,52,54,5,193
2641,77,57,89,3,226
2642,57,85,64,7,213
2643,66,71,100,5,242
2644,99,52,99,8,258
2645,67,59,94,8,228
2646,88,92,56,0,236
2647,78,79,98,1,256
2648,56,100,89,9,254
2649,100,56,85,0,241
2650,82,56,60,10,208
2651,57,63,73,2,195
2652,96,68,95,7,266
2653,98,82,81,1,262
2654,59,91,73,5,228
2655,58,57,62,7,184
2656,76,99,99,0,274
2657,65,80,71,4,220
2658,82,60,55,4,201
2659,73,95,98,6,272
2660,73,90,92,3,258
2661,59,98,98,8,263
2662,76,100,64,2,242
2663,77,76,76,7,236
2664,83,100,93,5,281
2665,51,78,59,0,188
2666,95,83,54,1,233
2667,71,70,75,2,218
2668,77,53,75,0,205
2669,92,91,59,9,251
2670,53,90,95,10,248
2671,83,68,76,6,233
2672,93,94,85,4,276
2673,96,97,70,5,268
2674,50,67,83,9,209
2675,59,94,75,7,235
2676,91,63,84,9,247
2677,100,89,91,7,287
2678,94,72,100,10,276
2679,75,99,62,4,240
2680,55,52,84,5,196
2681,74,96,96,2,268
2682,83,84,68,3,238
2683,55,82,85,4,226
2684,83,71,98,10,262
2685,60,51,51,8,170
2686,87,66,65,4,222
2687,96,77,82,1,256
2688,96,53,73,4,226
2689,90,82,72,1,245
2690,53,98,91,1,243
2691,78,69,86,0,233
2692,79,71,65,9,224
2693,86,95,90,10,281
2694,84,88,64,5,241
2695,69,68,92,9,238
2696,93,58,95,6,252
2697,83,97,65,1,246
2698,70,83,87,3,243
2699,99,73,79,1,252
2700,59,95,77,6,237
2701,55,55,53,6,169
2702,58,80,63,7,208
2703,54,73,93,8,228
2704,75,87,85,8,255
2705,99,75,66,9,249
2706,81,90,77,7,255
2707,94,81,96,6,277
2708,60,59,82,2,203
2709,81,95,79,2,257
2710,95,82,83,1,261
2711,94,63,79,7,243
2712,52,97,60,8,217
2713,73,57,88,6,224
2714,57,57,73,9,196
2715,68,52,83,2,205
2716,57,73,69,5,204
2717,69,68,81,0,218
2718,100,59,59,9,227
2719,76,53,69,4,202
2720,63,61,97,7,228
2721,50,57,85,5,197
2722,54,52,76,7,189
2723,86,69,86,7,248
2724,71,100,74,7,252
2725,96,88,58,2,244
2726,82,90,79,7,258
2727,92,78,59,5,234
2728,55,89,92,9,245
2729,76,74,64,6,220
2730,71,84,52,10,217
2731,78,97,67,10,252
2732,55,60,95,0,210
2733,86,90,100,4,280
2734,85,91,57,10,243
2735,85,55,62,9,211
2736,84,86,98,0,268
2737,86,83,62,7,238
2738,82,51,57,10,200
2739,84,61,51,4,200
2740,100,63,65,9,237
2741,78,55,84,9,226
2742,70,75,87,0,232
2743,81,51,71,6,209
2744,61,76,51,8,196
2745,70,74,66,1,211
2746,57,56,84,2,199
2747,68,59,61,4,192
2748,99,55,59,4,217
2749,76,93,60,0,229
2750,89,70,61,0,220
2751,95,53,69,6,223
2752,56,70,59,6,191
2753,70,66,74,1,211
2754,53,62,65,9,189
2755,87,65,81,8,241
2756,98,82,74,1,255
2757,67,53,70,7,197
2758,85,76,54,7,222
2759,51,76,90,3,220
2760,51,67,85,9,212
2761,93,56,65,8,222
2762,91,100,58,4,253
2763,86,76,78,1,241
2764,90,82,63,2,237
2765,73,84,60,3,220
2766,84,77,85,7,253
2767,52,50,79,9,190
2768,68,91,60,0,219
2769,53,80,67,9,209
2770,66,93,74,5,238
2771,90,63,87,8,248
2772,68,52,60,8,188
2773,86,54,69,1,210
2774,75,94,57,2,228
2775,96,85,67,6,254
2776,63,89,82,5,239
2777,93,71,90,4,258
2778,98,95,78,4,275
2779,65,92,70,5,232
2780,63,79,88,5,235
2781,51,94,58,10,213
2782,50,88,80,0,218
2783,50,93,61,6,210
2784,85,94,95,7,281
2785,98,75,84,1,258
2786,100,91,91,1,283
2787,84,51,92,7,234
2788,93,57,72,6,228
2789,88,72,74,2,236
2790,99,94,50,1,244
2791,79,73,62,7,221
2792,50,64,97,0,211
2793,98,67,93,5,263
2794,62,55,89,10,216
2795,69,95,64,3,231
2796,81,73,52,4,210
2797,81,95,95,9,280
2798,63,50,62,10,185
2799,75,57,67,9,208
2800,82,81,60,8,231
2801,62,92,97,9,260
2802,93,93,88,9,283
2803,61,54,87,2,204
2804,97,54,58,4,213
2805,86,64,83,4,237
2806,62,93,51,10,216
2807,84,89,66,10,249
2808,85,79,50,6,220
2809,91,93,91,0,275
2810,70,77,76,4,227
2811,57,93,83,7,240
2812,81,73,83,0,237
2813,96,64,53,4,217
2814,76,84,78,5,243
2815,50,75,62,5,192
2816,55,86,51,3,195
2817,94,77,54,3,228
2818,62,60,71,4,197
2819,54,90,90,1,235
2820,51,80,77,0,208
2821,87,90,71,4,252
2822,65,56,80,3,204
2823,71,53,71,8,203
2824,100,65,54,9,228
2825,89,78,98,1,266
2826,90,78,87,1,256
2827,55,53,52,6,166
2828,70,94,54,2,220
2829,53,78,53,4,188
2830,89,90,77,1,257
2831,56,93,53,8,210
2832,53,68,74,6,201
2833,56,89,98,6,249
2834,64,88,100,10,262
2835,89,50,79,6,224
2836,79,100,77,9,265
2837,89,56,71,10,226
2838,93,100,51,7,251
2839,83,71,87,3,244
2840,56,56,50,9,171
2841,95,54,87,3,239
2842,86,58,90,8,242
2843,66,72,76,7,221
2844,96,89,78,2,265
2845,65,58,52,0,175
2846,58,69,87,6,220
2847,82,91,98,5,276
2848,69,87,84,2,242
2849,59,80,69,9,217
2850,71,68,73,0,212
2851,83,87,92,10,272
2852,59,53,65,8,185
2853,85,53,77,5,220
2854,62,62,90,3,217
2855,100,54,71,3,228
2856,92,80,94,7,273
2857,88,94,71,9,262
2858,86,71,89,4,250
2859,76,71,60,1,208
2860,79,100,52,7,238
2861,64,50,90,3,207
2862,94,64,79,9,246
2863,63,65,80,5,213
2864,97,74,63,6,240
2865,61,50,73,0,184
2866,54,72,51,8,185
2867,57,59,68,7,191
2868,62,90,87,5,244
2869,52,51,62,3,168
2870,68,61,64,4,197
2871,96,61,71,8,236
2872,65,61,62,0,188
2873,61,66,56,0,183
2874,93,58,74,10,235
2875,100,57,71,3,231
2876,69,79,65,5,218
2877,73,92,60,8,233
2878,89,77,95,1,262
2879,57,59,58,3,177
2880,62,84,74,5,225
2881,70,88,77,10,245
2882,65,52,98,9,224
2883,87,62,84,4,237
2884,100,59,70,3,232
2885,53,90,100,4,247
2886,58,82,87,7,234
2887,63,96,55,7,221
2888,100,92,89,1,282
2889,60,82,74,10,226
2890,98,82,73,7,260
2891,83,79,61,5,228
2892,95,73,83,7,258
2893,95,81,80,4,260
2894,87,75,90,9,261
2895,91,52,63,3,209
2896,62,78,65,6,211
2897,63,69,77,6,215
2898,86,60,73,4,223
2899,85,55,58,1,199
2900,68,78,83,5,234
2901,64,87,52,7,210
2902,82,89,71,6,248
2903,78,79,77,6,240
2904,73,81,70,4,228
2905,74,51,61,7,193
2906,64,66,91,1,222
2907,72,55,68,8,203
2908,82,84,91,1,258
2909,100,67,64,1,232
2910,57,54,73,0,184
2911,84,62,71,3,220
2912,93,71,66,4,234
2913,97,99,93,4,293
2914,62,95,88,2,247
2915,98,95,97,8,298
2916,66,50,99,4,219
2917,68,72,100,6,246
2918,75,87,98,10,270
2919,50,80,91,8,229
2920,98,59,75,3,235
2921,64,96,97,3,260
2922,80,64,83,9,236
2923,100,85,98,7,290
2924,96,79,71,1,247
2925,70,62,77,6,215
2926,63,78,78,8,227
2927,51,73,58,9,191
2928,58,69,97,0,224
2929,81,92,72,5,250
2930,64,76,77,10,227
2931,98,75,98,8,279
2932,69,70,87,0,226
2933,86,100,52,2,240
2934,59,71,86,10,226
2935,88,88,86,6,268
2936,74,63,75,1,213
2937,84,74,62,7,227
2938,56,71,86,7,220
2939,90,69,55,2,216
2940,56,93,85,2,236
2941,52,94,88,7,241
2942,51,61,62,1,175
2943,74,68,63,3,208
2944,68,92,83,1,244
2945,79,53,73,8,213
2946,50,60,70,6,186
2947,75,60,57,2,194
2948,84,76,80,1,241
2949,74,63,58,3,198
2950,69,77,95,10,251
2951,80,60,88,9,237
2952,69,87,62,8,226
2953,95,93,79,4,271
2954,62,50,59,7,178
2955,54,75,88,3,220
2956,83,71,86,7,247
2957,79,79,86,0,244
2958,97,55,68,10,230
2959,79,72,94,4,249
2960,75,89,61,6,231
2961,65,61,89,6,221
2962,79,74,92,2,247
2963,94,86,56,6,242
2964,94,52,65,2,213
2965,67,90,84,4,245
2966,92,54,94,3,243
2967,81,76,98,8,263
2968,57,73,54,1,185
2969,82,99,99,5,285
2970,76,78,60,4,218
2971,63,82,52,7,204
2972,51,54,90,10,205
2973,97,79,74,5,255
2974,97,75,62,6,240
2975,52,50,66,1,169
2976,95,58,70,10,233
2977,97,79,81,7,264
2978,54,55,85,10,204
2979,65,95,78,2,240
2980,80,67,60,2,209
2981,51,88,56,2,197
2982,68,57,84,6,215
2983,60,54,92,0,206
2984,93,67,59,7,226
2985,72,61,63,0,196
2986,93,84,63,7,247
2987,94,53,90,8,245
2988,91,92,95,10,288
2989,56,74,94,4,228
2990,78,53,88,0,219
2991,53,99,74,3,229
2992,65,73,65,3,206
2993,55,51,76,0,182
2994,50,71,62,10,193
2995,92,54,64,1,211
2996,92,60,96,2,250
2997,52,76,82,1,211
2998,70,70,85,10,235
2999,62,89,63,8,222
3000,75,77,57,3,212
3001,63,56,72,5,196
3002,61,50,75,10,196
3003,70,50,74,3,197
3004,79,64,54,10,207
3005,67,91,89,5,252
3006,52,54,63,6,175
3007,69,99,88,7,263
3008,56,95,84,9,244
3009,60,66,56,9,191
3010,70,90,94,6,260
3011,93,99,94,2,288
3012,71,61,90,5,227
3013,92,80,54,5,231
3014,51,88,87,7,233
3015,74,82,90,3,249
3016,82,87,95,0,264
3017,64,51,89,1,205
3018,69,65,97,6,237
3019,98,65,89,1,253
3020,53,58,73,7,191
3021,68,62,59,6,195
3022,63,91,52,3,209
3023,96,88,78,5,267
3024,58,67,70,10,205
3025,100,98,52,8,258
3026,100,76,91,4,271
3027,98,51,64,5,218
3028,71,65,63,8,207
3029,53,92,65,10,220
3030,94,96,64,9,263
3031,74,83,70,2,229
3032,78,90,50,1,219
3033,81,54,62,0,197
3034,90,59,63,2,214
3035,55,61,87,8,211
3036,100,63,65,8,236
3037,55,77,96,7,235
3038,69,60,96,3,228
3039,65,77,61,9,212
3040,65,69,68,9,211
3041,78,90,62,4,234
3042,100,80,55,5,240
3043,75,74,60,7,216
3044,78,77,82,9,246
3045,97,77,98,2,274
3046,100,80,51,6,237
3047,77,55,98,4,234
3048,88,84,59,8,239
3049,96,61,66,6,229
3050,79,69,79,4,231
3051,74,85,88,7,254
3052,54,71,58,7,190
3053,62,59,62,0,183
3054,50,82,96,5,233
3055,81,75,76,6,238
3056,97,73,74,7,251
3057,69,91,87,1,248
3058,76,52,57,6,191
3059,86,60,62,6,214
3060,66,99,98,5,268
3061,82,95,81,10,268
3062,94,73,94,0,261
3063,91,74,77,3,245
3064,65,80,52,5,202
3065,90,95,93,0,278
3066,94,92,91,2,279
3067,66,88,79,10,243
3068,59,66,65,9,199
3069,87,92,60,0,239
3070,57,99,55,10,221
3071,95,74,75,9,253
3072,55,83,62,6,206
3073,60,77,66,4,207
3074,82,84,92,6,264
3075,87,69,96,6,258
3076,98,96,55,1,250
3077,90,86,99,5,280
3078,59,67,97,3,226
3079,97,75,94,4,270
3080,50,60,81,0,191
3081,56,54,99,6,215
3082,83,76,91,4,254
3083,96,77,60,2,235
3084,73,61,95,2,231
3085,62,81,61,8,212
3086,57,78,86,3,224
3087,61,62,53,2,178
3088,98,62,66,6,232
3089,78,90,89,1,258
3090,90,60,55,4,209
3091,55,74,57,4,190
3092,54,71,51,9,185
3093,65,80,81,10,236
3094,98,56,50,0,204
3095,67,98,50,10,225
3096,87,100,52,1,240
3097,63,83,100,0,246
3098,74,88,83,4,249
3099,81,80,98,5,264
3100,88,77,71,5,241
3101,93,71,70,3,237
3102,73,92,75,6,246
3103,89,53,72,5,219
3104,56,50,79,6,191
3105,96,58,51,9,214
3106,57,83,67,3,210
3107,73,78,89,10,250
3108,92,80,82,6,260
3109,92,62,50,10,214
3110,70,51,90,5,216
3111,52,97,70,10,229
3112,78,64,88,7,237
3113,75,97,89,1,262
3114,72,77,80,10,239
3115,94,56,96,6,252
3116,68,88,62,2,220
3117,83,86,100,8,277
3118,52,58,81,1,192
3119,69,93,85,7,254
3120,60,78,57,7,202
3121,92,84,65,3,244
3122,63,60,98,10,231
3123,94,55,56,6,211
3124,95,51,60,5,211
3125,74,99,67,3,243
3126,96,66,92,7,261
3127,92,57,92,2,243
3128,84,90,96,7,277
3129,55,100,94,5,254
3130,64,86,99,9,258
3131,54,91,71,6,222
3132,95,97,97,6,295
3133,91,91,100,8,290
3134,77,64,64,4,209
3135,57,68,55,1,181
3136,55,71,97,9,232
3137,62,97,57,9,225
3138,73,58,70,6,207
3139,86,97,50,4,237
3140,53,87,84,3,227
3141,74,77,70,5,226
3142,93,100,58,8,259
3143,92,88,87,3,270
3144,56,75,50,8,189
3145,79,70,59,4,212
3146,64,81,93,7,245
3147,59,88,68,2,217
3148,97,92,94,0,283
3149,88,70,69,8,235
3150,94,57,67,9,227
3151,80,90,63,7,240
3152,68,95,74,0,237
3153,71,59,95,3,228
3154,96,64,94,0,254
3155,99,61,81,6,247
3156,69,92,60,0,221
3157,85,75,71,6,237
3158,93,80,72,6,251
3159,75,54,83,4,216
3160,68,94,62,8,232
3161,75,56,58,5,194
3162,98,100,87,0,285
3163,95,69,79,10,253
3164,60,86,58,7,211
3165,94,80,68,2,244
3166,63,63,97,3,226
3167,97,91,50,5,243
3168,96,86,56,10,248
3169,100,59,74,6,239
3170,93,60,53,1,207
3171,72,80,61,0,213
3172,57,82,91,5,235
3173,87,77,59,10,233
3174,96,75,65,0,236
3175,57,65,75,7,204
3176,69,94,88,2,253
3177,91,97,74,10,272
3178,92,55,99,7,253
3179,91,74,67,10,242
3180,91,78,73,0,242
3181,57,57,55,1,170
3182,81,91,92,8,272
3183,64,51,87,9,211
3184,86,80,67,1,234
3185,100,87,61,6,254
3186,80,91,94,6,271
3187,69,86,58,1,214
3188,70,54,95,8,227
3189,61,75,94,0,230
3190,75,85,84,8,252
3191,81,54,83,9,227
3192,84,95,100,10,289
3193,57,98,98,3,256
3194,92,57,61,9,219
3195,94,61,50,8,213
3196,78,70,57,0,205
3197,58,86,63,10,217
3198,60,55,85,4,204
3199,98,52,55,1,206
3200,82,69,73,8,232
3201,60,77,92,0,229
3202,65,69,52,8,194
3203,100,68,92,8,268
3204,78,58,86,7,229
3205,94,70,83,5,252
3206,88,84,82,3,257
3207,94,56,92,0,242
3208,65,52,62,2,181
3209,69,63,58,9,199
3210,85,63,87,5,240
3211,67,58,96,9,230
3212,77,54,85,4,220
3213,66,74,91,2,233
3214,75,79,55,4,213
3215,93,77,94,2,266
3216,84,63,54,10,211
3217,96,67,90,10,263
3218,62,95,73,9,239
3219,92,91,82,9,274
3220,60,76,59,5,200
3221,100,77,74,0,251
3222,88,65,54,4,211
3223,57,84,57,10,208
3224,85,76,54,5,220
3225,90,55,73,5,223
3226,99,67,59,3,228
3227,67,50,56,6,179
3228,64,74,56,1,195
3229,61,83,96,4,244
3230,87,81,56,8,232
3231,72,94,86,4,256
3232,85,67,88,1,241
3233,53,60,70,6,189
3234,61,72,97,10,240
3235,100,84,85,9,278
3236,75,80,87,2,244
3237,66,50,93,8,217
3238,95,59,92,2,248
3239,59,74,86,4,223
3240,53,96,90,5,244
3241,95,99,65,10,269
3242,88,76,95,7,266
3243,61,78,72,7,218
3244,82,68,67,6,223
3245,83,95,64,4,246
3246,90,55,69,6,220
3247,99,70,55,10,234
3248,55,54,96,3,208
3249,55,60,86,0,201
3250,55,97,68,8,228
3251,81,50,77,10,218
3252,82,96,58,7,243
3253,81,82,93,10,266
3254,84,94,57,6,241
3255,50,89,62,0,201
3256,95,77,94,8,274
3257,97,72,65,10,244
3258,83,93,88,0,264
3259,88,78,60,10,236
3260,98,83,64,2,247
3261,54,73,58,8,193
3262,72,53,77,7,209
3263,74,60,73,1,208
3264,71,93,65,8,237
3265,99,57,68,4,228
3266,80,68,66,3,217
3267,50,97,90,9,246
3268,75,63,69,10,217
3269,82,52,79,9,222
3270,81,53,72,0,206
3271,89,79,71,4,243
3272,72,56,50,5,183
3273,96,61,75,5,237
3274,50,56,77,7,190
3275,62,55,83,8,208
3276,59,76,57,7,199
3277,50,59,99,10,218
3278,66,64,80,6,216
3279,73,69,73,6,221
3280,61,84,67,1,213
3281,78,92,78,2,250
3282,58,72,97,6,233
3283,50,72,95,3,220
3284,57,62,68,0,187
3285,58,75,76,5,214
3286,52,60,92,3,207
3287,80,92,67,1,240
3288,76,81,85,7,249
3289,93,95,58,5,251
3290,98,98,99,6,301
3291,82,96,97,6,281
3292,58,57,56,0,171
3293,58,59,72,8,197
3294,50,99,93,3,245
3295,53,93,71,6,223
3296,88,97,50,6,241
3297,80,68,68,7,223
3298,55,98,77,3,233
3299,89,59,96,8,252
3300,61,65,67,1,194
3301,66,94,65,10,235
3302,77,62,80,1,220
3303,94,96,82,9,281
3304,61,62,87,10,220
3305,90,59,64,1,214
3306,58,75,52,4,189
3307,62,59,77,0,198
3308,89,62,55,0,206
3309,74,76,83,4,237
3310,94,90,64,3,251
3311,71,77,80,0,228
3312,82,77,91,0,250
3313,69,57,67,5,198
3314,67,72,95,6,240
3315,65,70,53,2,190
3316,52,50,53,10,165
3317,97,70,63,4,234
3318,80,67,88,1,236
3319,77,61,66,7,211
3320,73,71,69,1,214
3321,56,92,50,10,208
3322,85,99,58,5,247
3323,73,97,73,9,252
3324,83,88,73,3,247
3325,91,67,63,9,230
3326,74,55,56,2,187
3327,90,97,88,1,276
3328,52,87,91,3,233
3329,62,95,78,1,236
3330,54,84,89,5,232
3331,69,96,80,3,248
3332,84,96,59,0,239
3333,58,62,76,8,204
3334,95,66,98,8,267
3335,72,73,78,10,233
3336,95,57,77,1,230
3337,80,76,83,8,247
3338,100,51,60,9,220
3339,67,94,58,4,223
3340,52,86,53,3,194
3341,97,75,81,10,263
3342,84,82,54,2,222
3343,78,98,82,6,264
3344,85,99,74,6,264
3345,88,67,63,2,220
3346,50,60,86,3,199
3347,87,94,50,8,239
3348,79,82,95,8,264
3349,66,69,64,4,203
3350,95,67,85,1,248
3351,60,64,52,8,184
3352,65,68,52,10,195
3353,59,67,58,4,188
3354,100,53,91,3,247
3355,63,84,57,0,204
3356,91,72,90,9,262
3357,73,70,55,8,206
3358,66,96,58,6,226
3359,89,68,70,0,227
3360,90,50,72,3,215
3361,96,67,61,4,228
3362,51,84,92,9,236
3363,56,96,97,6,255
3364,91,66,90,10,257
3365,88,85,63,7,243
3366,64,70,67,3,204
3367,87,90,98,6,281
3368,59,78,64,6,207
3369,73,59,80,1,213
3370,81,61,79,2,223
3371,61,62,86,7,216
3372,96,61,91,4,252
3373,51,69,60,2,182
3374,75,93,88,3,259
3375,54,59,54,6,173
3376,65,79,91,6,241
3377,56,96,83,2,237
3378,96,98,50,9,253
3379,56,74,74,0,204
3380,57,50,98,10,215
3381,52,58,65,1,176
3382,67,59,90,9,225
3383,50,100,50,1,201
3384,84,97,71,1,253
3385,62,58,80,9,209
3386,78,60,69,5,212
3387,80,59,65,0,204
3388,84,94,67,10,255
3389,84,57,51,0,192
3390,56,84,68,1,209
3391,82,76,59,0,217
3392,64,51,64,6,185
3393,74,59,72,10,215
3394,68,64,93,6,231
3395,93,95,57,7,252
3396,60,57,64,1,182
3397,68,72,54,9,203
3398,71,57,73,1,202
3399,52,88,59,2,201
3400,77,83,71,9,240
3401,61,93,77,2,233
3402,92,93,69,9,263
3403,68,72,56,4,200
3404,81,92,73,4,250
3405,95,54,100,0,249
3406,59,99,91,2,251
3407,70,59,74,7,210
3408,96,100,100,7,303
3409,54,57,86,6,203
3410,96,67,59,1,223
3411,70,58,61,6,195
3412,72,70,81,6,229
3413,80,94,76,9,259
3414,100,90,71,2,263
3415,91,65,74,6,236
3416,85,81,84,8,258
3417,81,84,84,3,252
3418,74,55,87,6,222
3419,83,86,99,3,271
3420,94,55,65,5,219
3421,50,63,51,5,169
3422,85,80,58,1,224
3423,53,72,73,2,200
3424,68,79,59,8,214
3425,76,65,63,3,207
3426,53,97,58,1,209
3427,94,95,59,6,254
3428,96,51,94,6,247
3429,73,53,94,1,221
3430,92,87,54,7,240
3431,88,60,51,2,201
3432,73,59,55,3,190
3433,54,50,86,6,196
3434,59,98,61,7,225
3435,97,58,97,8,260
3436,94,69,80,6,249
3437,96,71,78,10,255
3438,94,50,68,1,213
3439,59,53,91,0,203
3440,88,98,61,8,255
3441,60,50,75,6,191
3442,93,79,85,4,261
3443,86,82,69,3,240
3444,77,60,67,1,205
3445,83,74,58,3,218
3446,75,89,53,3,220
3447,75,61,97,8,241
3448,88,54,94,7,243
3449,80,70,91,10,251
3450,75,74,60,0,209
3451,73,91,77,3,244
3452,67,56,56,1,180
3453,73,88,99,5,265
3454,51,65,68,2,186
3455,84,56,54,3,197
3456,88,50,98,4,240
3457,62,85,62,10,219
3458,52,65,67,1,185
3459,86,86,52,9,233
3460,100,80,52,0,232
3461,70,55,69,0,194
3462,72,98,68,6,244
3463,82,62,70,6,220
3464,96,72,58,10,236
3465,56,71,76,8,211
3466,56,82,99,2,239
3467,51,87,100,6,244
3468,80,87,52,4,223
3469,60,59,93,7,219
3470,55,90,55,3,203
3471,63,93,91,2,249
3472,99,95,60,8,262
3473,83,96,88,10,277
3474,83,99,71,7,260
3475,100,58,71,4,233
3476,73,89,77,0,239
3477,95,99,93,6,293
3478,65,63,89,9,226
3479,54,59,86,10,209
3480,81,56,50,2,189
3481,99,69,85,1,254
3482,81,56,79,5,221
3483,60,68,60,1,189
3484,67,86,73,5,231
3485,55,54,61,7,177
3486,66,80,66,7,219
3487,91,58,57,9,215
3488,81,52,73,4,210
3489,75,76,89,10,250
3490,58,78,73,8,217
3491,89,70,73,1,233
3492,93,76,82,7,258
3493,66,93,52,9,220
3494,91,53,97,3,244
3495,94,85,50,2,231
3496,56,68,74,2,200
3497,86,75,54,3,218
3498,74,79,92,1,246
3499,72,79,79,10,240
3500,84,79,56,1,220
